code;name
AB000-00;"Freiartikel ""Antibodies"""
AB020-01;Ziege IgG anti-Kaninchen IgG (H+L)-Cy3, MinX Hu,Ms,Rt
AB020-02;Cytokeratin 5/14 Antikörper (16.4)
AB020-03;Cytokeratin 1/10 Antikörper (LH1)
AB020-05;CD85j (ILT2) Monoclonal Antibody (HP-F1), PE
AB022-00;PE anti-human CD338 (ABCG2) Antibody, 25 tests
AB022-01;Human ABCG2 Antibody, MAB995-SP, 25 ug
AB022-02;Human ACE-2 PE-conjugated Antibody
AB022-03;Goat IgG PE-conjugated Antibody
AB023-00;PE anti-human CD44 Antibody, 25 tests
AB024-00;Alexa Fluor® 647 anti-human/mouse MRP1 (ABCC1) Antibody, 25t
AB024-01;Human IL-22 R alpha 1 Alexa Fluor® 647-conjugated Antibody
AB024-02;Anti-GPR176 (PACO00872)
AB026-00;PE anti-human CD202b (Tie2/Tek) Antibody, #334205, 25 tests
AB027-00;Purified anti-human/mouse MRP1 (ABCC1) Antibody, 100 µg
AB028-00;Purified anti-human CD243 (MDR-1) Antibody, 100 µg
AB029-00;Purified anti-His Tag Antibody 100µg
AB034-00;PE Rat Anti-Human CD115
AB035-01;NPRA antibody (PE), IgG, Rabbit, Polyclonal
AB035-02;Rabbit IgG Isotype Control (PE), Polyclonal
AB035-03;PE Rat IgG1, k Isotype Control
AB035-04;Rat IgG Isotype Control [FITC]
AB039-00;"CD54 (ICAM-1) Monoclonal Antibody (RR1/1); #BMS108FI"
AB040-00;CD86 (B7-2) Monoclonal Antibody (IT2.2)
AB040-01;CD123 Antibody, anti-human, FITC
AB040-02;CD19 antibody (CD19 Molecule) (FITC)
AB040-03;CD20 Monoclonal Antibody (2H7), PE-Cyanine5, eBioscience
AB040-04;CD123 Antibody, anti-mouse, REAfinity™
AB040-05;REA Control Antibody, human IgG1, REAfinity™
AB040-06;CD120b AB PE
AB040-07;CD132 Antibody, anti-mouse, REAfinity™Recombinant
AB040-08;CD25 Antibody, anti-mouse, PE, REAfinity™ 30 µg in 200 µL
AB040-09;CD131 Antibody, anti-mouse, PE, REAfinity™ 30 µg in 200 µL
AB040-10;CD120a (TNF-RI) Antibody, anti-human, PE, REAfinity™
AB048-00;"Monoclonal ANTI-FLAG® M2 antibody produce; Sigma# F3165-.2MG"
AB050-00;"Monoclonal Anti-USP7; Sigma# SAB4200042-200UL"
AB057-01;FITC Mouse Anti-Human CD86  Clone  2331 25 Tests
AB057-02;FITC Mouse Anti-Human CD86  Clone  2331 100 Tests
AB057-03;PE Mouse Anti-Human CD279, 25 Tests
AB057-04;"PE-Cy™7 Mouse Anti-Human CD274; 0,1mg"
AB057-05;PE-Cy™7 Mouse Anti-Human CD14, 25 Tests
AB057-06;PE-Cy™7 Mouse IgG1 κ Isotype Control, 100 Tests
AB057-07;"Anti-HLA-G PE; 0,025 mg"
AB057-08;"FITC Mouse IgG1, κ Isotype Control, Clone MOPC-21; #555748"
AB057-09;Cy3-conjugated AffiniPure Goat Anti-Mouse IgG (H+L)
AB057-10;PE Mouse Anti-Human P-glycoprotein (CD243)  Clone17F9 (RUO)
AB057-11;PE Mouse anti-Human CD338 Clone 5D3/CD338 (RUO)
AB057-12;PE Mouse Anti-Human CD209 Clone DCN46 (RUO)
AB057-13;"PE Mouse Anti-Human CD16; BD #556619"
AB057-14;"PE Mouse Anti-Human CD122; BD #554525"
AB057-15;"PE Mouse Anti-Human CD335 (NKp46); BD #557991"
AB057-16;"PE Mouse Anti-Human CD20; BD #555623"
AB057-17;PE Mouse Anti-Human CD274 25 Tests
AB059-00;Anti-Rat IgG (whole molecule)–FITC
AB060-01;Fc Receptor Binding (25 assay)
AB060-02;Fc Receptor Binding (100 assays)
AB061-01;CD169 (Siglec-1) antibodies, human (clone: 7-239)
AB062-01;CD11b antibodies, human (clone: REA713)
AB062-02;"CD11b-FITC, human (clone: REA713); # 130-110-610"
AB062-03;CD69 Antibody, anti-human, PE
AB063-00;CD206-APC, human
AB069-00;"APC Mouse Anti-Human CD16; BD #561304"
AB070-01;PE Mouse IgG1, κ Isotype Control
AB070-02;"Mouse IgG1 kappa Isotype Control; thermo# 17-4714-42"
AB070-03;Mouse IgG2b Isotype Control 100 Tests
AB070-04;Mouse IgM Isotype Control 100 Tests
AB071-00;"CD11c antibodies, human (clone: MJ4-27G12); #130-099-236"
AB073-02;APC (675/633) Setup Kit
AB077-00;"Anti-Iba1/AIF1 Antibody; Sigma# MABN92-AF488"
AB077-01;Adalimumab Monoclonal Antibody
AB079-00;Monoclonal Mouse Anti-Human CD54, ICAM-1
AB089-01;"CD14 antibodies, human; Miltenyi #130-110-518"
AB089-02;"CD14 antibodies, human; Miltenyi #130-110-576"
AB089-03;CD3 Antibody, anti-human, FITC, Miltenyi #130-113-128
AB089-04;Isotype Control Antibody, mouse IgG2a, FITC
AB089-05;CD38 Antibody, anti-human, FITC (30 Tests)
AB089-06;CD38 Antibody, anti-human, FITC (100 Tests)
AB092-00;Ziege IgG anti-Maus IgG (H+L)-FITC, MinX keine – 2 mg
AB093-00;"Monoclonal Anti-Vimentin antibody produced in mouse; Sigma"
AB093-01;Vimentin Antikörper, Klon V9
AB094-00;"Anti-TRP1/TYRP1 Antibody; Sigma# MABC592"
AB095-00;"anti-Keratin K8 mouse monoclonal  600 µL; Progen # 61038S"
AB106-00;"Ziege IgG anti-Maus IgG (H+L)-Cy3; Dianova #115-165-062"
AB109-00;Monoclonal Anti-Fibroblast Surface, Sigma #F4771-.2ML
AB113-00;"recombinant mouse IL-3, 100 µg; R&D Systems"
AB119-01;CD284 antibody | HTA125 | Alexa 488
AB119-02;"CD284 (TLR4); Thermo #53-9917-41"
AB120-00;"CD281 Monoclonal Antibody Antikörper; Thermo #14-9911-80"
AB123-00;PE anti-human CD59
AB124-00;FITC anti-human CD55
AB126-01;"CD41a Antibody, anti-human, REAfinity™; 130-121-429"
AB126-02;"CD41b antibodies, human; Miltenyi #130-105-070"
AB127-01;"TIGIT Mouse anti-Human, PE, Clone: MBSA43, eBioscience; 25er"
AB127-02;"PE anti-human TIGIT (VSTM3) Antibody; BioLegend #372703 25er"
AB128-00;GRIN3A antibody (PE), IgG, Rabbit, Polyclonal 100 ug
AB129-00;PE anti-human EGFR Antibody
AB130-00;Human uPAR PE-conjugated Antibody 100 tests
AB131-00;Human Fibroblast Activation Protein  alpha /FAP PE-conjugate
AB132-00;PE anti-human CD87 Antibody 25 Tests
AB133-00;Isotype Control Antibody, mouse IgG1 30 tests
AB134-00;PE Anti-PSMA antibody [GCP-05] (ab77228) 100 µg
AB135-00;NFkB p50 Mouse anti-Human, Clone: 5D10D11, Invitrogen™
AB136-00;IkB alpha Mouse anti-Bovine
AB137-01;Goat anti-Mouse IgG1 Cross-Adsorbed Secondary Antibody
AB137-02;Goat anti-Mouse IgG2b Cross-Adsorbed Secondary Antibody, PE
AB137-03;Goat anti-Mouse IgG (H+L), Cyanine3
AB137-04;Goat anti-Mouse IgM Secondary Antibody 2 mg
AB138-00;NFkB p65 Polyclonal Antibody 100 µg
AB139-00;FABP4 Recombinant Rabbit Monoclonal Antibody (2H3L2)
AB140-00;TRPA1 Polyclonal Antibody, DyLight™ 488
AB141-00;TEAD2 antibody
AB142-01;SCN9A Monoclonal Antibody (1D6) 100 µL
AB142-02;SCN5A Monoclonal Antibody (4G8:1G7)
AB143-00;Goat anti-Rabbit IgG Secondary Antibody [Phycoerythrin]
ABGA02;"ViewSonic VA2407H (59,9cm/24"") FullHD"
ABV01;HEK293-IL23R assay ready cells
ABV02;SNU-5 assay ready cells
ABV04;Caco-2 assay ready cells
ABV05;MDCKII-WT Assay Ready Cells
ABV06;hMDR1-MDCKII Assay Ready Cells
ABV07;hBCRP-MDCKII Assay Ready Cells
AW210;CHO-huTRPA1 assay ready cells
AW220;CHO-huTRPM8 assay ready cells
AW230;CHO-huTRPV1 assay ready cells
AW240;CHO-huTRPV3 assay ready cells
AW250;CHO-huTRPV4 assay ready cells
AW260;1321N1-huP2RX2 assay ready cells
AW270;HEK293-huP2RX7 assay ready cells
AW280;1321N1-huP2RX1 assay ready cells
AW290;1321N1-huP2RX3 assay ready cells
AW300;1321N1-huP2RX4 assay ready cells
BM01-0;Prospekthüllen
BM02-0;Klopierpapier A4 Plano Universal
BM03-0;tesa Klebestifte »Stick«
BM04-0;Kugelschreiber
BM05-0;Laminierfolie
BM06-0;Lineal
BM07-0;Sichthüllen
BM08-0;Schere klein
BM08-01;Schere mittel
BM08-2;Schere groß
BM09-0;Tacker
BM10-0;Textmarker
BM11-0;Haftnotitzen / Post it
BM12-0;Brieföffner
BM13-0;Stifteköcher
BM14-0;Locher
BM15-0;Druckerpatronen
BM16-0;Tastatur
BM17-0;Fußstütze
BM18-0;Cutter
BM19-0;Collegeblock A4
BM19-1;Collegeblock A5
BM20-0;Ablagekorb
BM21-0;Mineralwasser mit Kohlensäure
BM21-1;Mineralwasser ohne Kohlensäure
BM22-0;Toilettenpapier
BM23-0;Schreibtischunterlagen Papier
BM24-0;Powerstrips
BM25-0;Taschenrechner Casio
BM25-1;Taschenrechner office
BM26-0;Anspitzer
BM27-0;Papierhandtücher
BM28-0;Radiergummi
BM29-0;Avery
BM30-0;Briefumschläge mit Fenster
BM30-1;Briefumschläge ohne Fenster
BM31-0;Klebepunkte
BM32-0;Korrekturroller
BM33-0;Maßband
BM34-0;Papprückwandtaschen C4 mit Fenster
BM35-1;Faltenversandtaschen C4 ohne Fenster
BM36-00;Tisch Etikettenspender LD-1018
BM36-01;Toner Blau (Samsung CLX 6260)
BM36-02;Toner Red (Samsung CLX 6260)
BM36-03;Toner Schwarz (Samsung CLX 6260)
BM36-04;Toner Yellow (Samsung CLX 6260)
BM37-00;SalveQuick, elastische Pflasterstrips
BM37-01;SalveQuick, wasserfeste Pflasterstrips
BMS06;3A9 mouse T-cell hybridoma
BMS07;LK35.1 mouse B-cell lymphoma
BNT01;CHO-K1 Assay Ready Cells
BNT02;Vero76 Assay Ready Cells
BNT04;Jurkat_CD3-TCR_NFAT_luc
BNT05;PA-1-SC12 Assay Ready Cells
BOI01;Caco-2 assay ready cells
BOI02;MDCK II-BCRP assay ready cells
BOI03;MDCK II-MDR1 assay ready cells
BOI04;NCI-LUC130 assay ready cells
BOI10;HEK293-H assay ready cells
CB280;Lamin-Chromobody Assay Ready Cells (HeLa)
CBA00;Set-up of Customer Cell Line (GxP qualified)
CBA01;Assay Ready Cell Bank – GxP qualified (1E6)
CBA02;Assay Ready Cell Bank – GxP qualified (2E6)
CBA03;Assay Ready Cell Bank – GxP qualified (3E6)
CBA04;Assay Ready Cell Bank – GxP qualified (4E6)
CBA05;Assay Ready Cell Bank – GxP qualified (5E6)
CBA06;Assay Ready Cell Bank – GxP qualified (6E6)
CBA07;Assay Ready Cell Bank – GxP qualified (7E6)
CBA08;Assay Ready Cell Bank – GxP qualified (8E6)
CBA09;Assay Ready Cell Bank – GxP qualified (9E6)
CBA10;Assay Ready Cell Bank – GxP qualified (1E7)
CBA20;Assay Ready Cell Bank – GxP qualified (2E7)
CBA30;Assay Ready Cell Bank – GxP qualified (3E7)
CBA40;Assay Ready Cell Bank – GxP qualified (4E7)
CBA50;Assay Ready Cell Bank – GxP qualified (5E7)
CBA60;Assay Ready Cell Bank – GxP qualified (6E7)
CBA70;Assay Ready Cell Bank – GxP qualified (7E7)
CBA80;Assay Ready Cell Bank – GxP qualified (8E7)
CBA90;Assay Ready Cell Bank – GxP qualified (9E7)
CBA99;Assay Ready Cell Bank – GxP qualified (1E8)
CCP00;Set-up of Customer Cell Line (Research)
CCP00C;Sample Vials
CCP01;Assay Ready Cell Bank (1E6)
CCP02;Assay Ready Cell Bank (2E6)
CCP03;Assay Ready Cell Bank (3E6)
CCP04;Assay Ready Cell Bank (4E6)
CCP05;Assay Ready Cell Bank (5E6)
CCP06;Assay Ready Cell Bank (6E6)
CCP07;Assay Ready Cell Bank (7E6)
CCP08;Assay Ready Cell Bank (8E6)
CCP09;Assay Ready Cell Bank (9E6)
CCP10;Assay Ready Cell Bank (1E7)
CCP20;Assay Ready Cell Bank (2E7)
CCP30;Assay Ready Cell Bank (3E7)
CCP40;Assay Ready Cell Bank (4E7)
CCP50;Assay Ready Cell Bank (5E7)
CCP60;Assay Ready Cell Bank (6E7)
CCP70;Assay Ready Cell Bank (7E7)
CCP80;Assay Ready Cell Bank (8E7)
CCP90;Assay Ready Cell Bank (9E7)
CCP99;Assay Ready Cell Bank (1E8)
CCPXX;Custom Cell Supply
CCS00;Specifications
CCS01;Cell Line Generation (MS1)
CCS02;Cell Line Generation (MS2)
CCS03;Cell Line Generation (MS3)
CCS04;Cell Line Generation (MS4)
CCS07;Stability Testing
CCS12;FTE based services
CCS17;Adaptation of Cells to Serum Free Medium
CCS18;Cell Banking
CCS20;Cell Bank Quality Control
CCS30;Cell Pellets (flash frozen)
CCS37;Reagents Surcharge
CCS40;Proliferation Assay
CCS43;NFkB Inhibition Assay
CCS50;Custom Cell Services
CCS58;Mycoplasma Decontamination
CCS80;Delivery on Request
CH044-01;"Mitomycin C; 5mg"
CH044-02;"Mitomycin C; 500 µg; Serva"
CH045-00;2-Mercaptobenzothiazole 97%
CH078-00;"Cinnamyl alcohol; Sigma #108197-5G"
CH079-00;"Calcium chloride; Sigma #C5670-100G"
CH103-00;Methanol
CH103-01;Schwefelsäure
CH136-00;Glycerol
CH136-01;D-(+)-Glucose
CH136-02;Sucrose
CH137-00;SDS Solution (20%)
CRL01;Caco-2 assay ready cells
CRL-UK01;CHO-TRex Nav1.8/beta-3  assay ready cells
CRL-UK02;CHO Nav1.5 assay ready cells
CRL-UK03;CHO-TRex Nav1.7 assay ready cells
CRL-UK04;HEK Nav1.1 assay ready cells
CRL-UK05;HEK-T Nav1.2 assay ready cells
CST10;check-in of new cell line
CST20;cell bank storage
CST30;check-out handling charge
CTA70;Phospholipidosis Assay
FL01-00;Research Services
GEN04;HEK-Blue IL6 Assay Ready Cells
GMB01;MDA-MB-231 assay ready cells
GMB02;GloResponse NFAT-Luc2 Jurkat assay ready cells
GMB03;Daudi assay ready cells
GMB04;Raji assay ready cells
GNT02;CHO-NaV1.7-dLA-b1b2 assay ready cells
HGC01;A9 assay ready cells
HGC02;MA-104 assay ready cells
HGC03;SPEV assay ready cells
HGC04;CRFK assay ready cells
HGC05;LMH assay ready cells
HRO01;CHO-hERG assay ready cells
HRO02;CHL-NaV1.5 assay ready cells
HRO03;CHO-CaV1.2 assay ready cells
HRO04;HEK-NFAT-RE-luc2P assay ready cells
HRO05;HEK-Blue IL6 Cells
HRO10;HEK-Tie2-B11
INT01;Produktentwicklungen
INT02;Allgemeine Arbeiten
INT03;Auftragsentwicklung für Kunden
INT04;QC - Material
INV01;Laboratory Device
KR000;"Freiartikel ""Kits & Reagenzien"""
KR001;"Freiartikel ""Zelllinie"""
KR001-01;Ethanol 96% / vergällt (5 L)
KR002-00;Mikrobac Forte
KR002-01;Wasserbad-Schutzmittel RDS® Wasserbadstabil, 100ml
KR003-01;Ribonuclease A (25 mg)
KR004-01;BCA-Assay (1 L)
KR005-02;Nano-Glo® Luciferase Assay System (10x10ml)
KR005-03;Nano-Glo Dual-Luciferase Assay (10 ml)
KR005-04;ONE-Glo Luciferase Assay (10 ml)
KR005-05;ONE-Glo Luciferase Assay (100 ml)
KR005-06;Steady-Glo Luciferase Assay (100ml)
KR005-08;ONE-Glo™ EX Luciferase Assay (100 ml)
KR005-09;Caspase-Glo® 9 Assay Systems (2,5ml)
KR005-10;Caspase-Glo® 9 Assay Systems (10ml)
KR005-11;Glucose Uptake-Glo Assay (10 ml)
KR006-00;Fluoroshield with DAPI (20 ml)
KR006-01;Leukotriene C4 / LTC4 (25 µg)
KR006-02;Quest Fluo-8(TM), AM
KR007-01;peqGREEN, DNA-/RNA Farbstoff
KR007-02;GELGREEN NUCLEIC ACID GEL STAIN IN WATER 0,5 ml
KR009-01;Stain Buffer / FBS (500 ml)
KR009-02;Iso Flow, Mantelstromflüssigkeit
KR009-03;CLENZ - Cleaning Agent (5 L)
KR012-01;NucleoSpin Tissue, Mini kit for DNA from cells and tissue
KR012-02;QIAamp DNA Mini Kit (250 rxn)
KR012-03;BeadReady™ Kit
KR013-01;100 bp DNA Ladder
KR013-02;BenchTop 100bp DNA Ladder 300μl
KR014-02;LYSO-ID Red detection kit (500 rxn)
KR016-01;SYTOX Green Nucleic Acid Stain
KR016-02;Calcein AM, 1 mg
KR016-03;Calcein AM, ≥96% (HPLC),  5 mg, Sigma #17783-5MG
KR016-04;Calcein AM, ≥96% (HPLC), 20x 50μg, Sigma #56496
KR016-05;Calcein, AM 10mg
KR017-01;D(+)-Galactose (500 g)
KR017-02;D(+)-Glucose solution (100 ml)
KR021-00;QUANTI-Blue
KR025-00;Hydrogen peroxide (500 ml)
KR029-00;DL-Propranolol-hydrochlorid (5 g)
KR029-01;N,N-Dimethylformamide - DMF (100 mg)
KR030-00;Enalaprilat, Sigma #43301-25MG
KR031-00;(+/-)-VERAPAMIL HYDROCHLORIDE, =99%, Sigma# V4629-1G
KR032-00;ANTIPYRINE CRYSTALLINE, Sigma #A5882-25G
KR033-00;(±)-Talinolol, 1 mg
KR037-01;VenorGeM OneStep (250 rxn)
KR038-00;MB Taq Polymerase - 5U/µl (100 Units)
KR041-00;Ionomycin, Sigma# I0634-1MG
KR041-01;myo-Inositol
KR041-02;Folic acid
KR042-00;Collagen Type I
KR042-01;Poly-L-Lysine - 10 mg/ml
KR042-02;Poly-D-Lysine - 0.1 mg/ml
KR043-00;Z-VAD-FMK1 mg
KR044-00;Y-27632 . dihydrochloride 5 mg
KR044-01;Y-27632 . dihydrochloride 1 mg
KR044-02;Y-27632 . dihydrochloride 5 mg
KR045-01;DL-α-Tocopherol (high purity) 1 g
KR045-02;"α-Tocopherol; Sigma # 258024-5G"
KR046-00;Phorbol 12-myristate 13-acetate, Sigma #P8139-1MG
KR047-01;Lipofectamine™ 2000 Transfection Reagent (1,5 mL)
KR047-02;Lipofectamine™ 2000 Transfection Reagent (15,0 mL)
KR047-03;FectoPRO™ (1 mL)
KR047-04;FectoPRO™ (10 mL)
KR047-05;Polyethylenimine L-PEI 100mg
KR047-06;Lipofectamine™ 3000 Transfektionsreagenz 1.5 mL
KR051-00;Insulin - human (10 mg/ml)
KR051-01;Insulin - bovine (10 mg/ml)
KR051-02;Transferrin, holo - human (50 mg)
KR051-05;Transferrin, apo - human (100 mg)
KR051-07;Fetuin - bovine (250 mg)
KR051-08;L-Asparagin
KR051-09;L-Arginin
KR051-10;Cisplatin (25mg)
KR051-11;Ascorbic Acid
KR051-12;Heparin Sodium Salt
KR051-13;Uridin
KR051-14;D-Mannitol
KR051-15;Colchicine (100 mg)
KR051-16;Fibronectin-Humanplasma
KR053-00;"p-Phenylenediamine 50G; Sigma #P6001-50G"
KR054-00;"1-Chloro-2,4-dinitrobenzene 10G; Sigma# 237329-10G"
KR055-00;Isopropanol  (2,5 L)
KR058-00;"1α,25-Dihydroxyvitamin D3; Sigma# D1530-10UG"
KR062-01;IL-2 - human (1E6 IU)
KR062-02;IL-2 - human (1 mg)
KR062-03;IL-5 - human (10 µg)
KR062-04;IL-5 human (100 µg)
KR062-05;IL-10 - human (10 µg)
KR062-06;IL-36β - human (10 µg)
KR062-07;GM-CSF - human (20 µg)
KR062-08;TNF-α, recombinant human (10 µg)
KR062-09;TNF-α, recombinant human (50 µg)
KR062-10;IL-3 - murine (250 µg)
KR062-11;EPO - human (10 µg)
KR062-12;IL-3 - murine (500 µg)
KR062-13;M-CSF - human (10 µg)
KR062-14;IL-3 - murine (10 µg)
KR062-15;M-CSF - human (25 µg)
KR062-16;IL-3 - murine (50 µg)
KR062-17;TNF-α, recombinant human (5 µg)
KR062-18;Human GM-CSF Recombinant Protein 10 µg
KR062-19;Human IL-2 IS premium grade 1000 µg
KR062-20;Human IL-2 IS premium grade 200 µg
KR062-21;Erythropoietin, recombinant, for Bioassay
KR062-22;Human EPO (Erythropoietin) Recombinant Protein 10µg
KR062-23;Human Recombinant EPO 10 µg
KR062-24;TNF-α, recombinant human (20 µg)
KR062-25;Human IL-2 IS premium grade 10 µg
KR062-26;WST-1 Zellproliferations-Kit (ready-to-use) 1 X 25 ml
KR062-27;IFN-β, recombinant human (20 µg)
KR062-28;Recombinant Human TPO
KR062-29;Recombinant Murine IL-2 5µg
KR062-30;Recombinant Murine IL-15 10µg
KR062-31;Recombinant Murine IL-10 10µg
KR062-32;"Recombinant Human 4-1BB; #2295-4L-025 25 ug"
KR062-33;Recombinant Human IFN-γ 20µg - 300-02
KR063-07;IL-13 (human)
KR063-08;IL-4 (human)
KR063-09;IL-23 (human), 2 µg
KR063-10;IL-6 (human)
KR063-11;Recombinant Human IL-12 p70 (CHO derived) 2µg
KR063-12;IL-23 (human), 10 µg
KR064-00;Lactic acid (1 kg)
KR065-00;LPS (1 mg)
KR065-01;HKSA
KR065-05;TAE-Buffer (50x)
KR066-00;EGF (human)
KR066-01;Calciumacetat Hydrat
KR066-02;GLP-1, recombinant human, 10µg
KR068-00;Prostaglandin E1
KR068-02;human IL-6 ELISA Kit (10x 96-assay)
KR068-05;Human CYP2A6 (Cytochrome P450 2A6) ELISA Kit
KR068-06;Human TNF alpha Uncoated ELISA (10x 96-assay)
KR068-07;Human TNF alpha Uncoated ELISA (20x 96-assay)
KR068-08;human IL-6 ELISA Kit (20x 96-assay)
KR068-09;IL-8 Human Uncoated ELISA Kit
KR068-10;Human TNF-alpha ELISA Kit (Colorimetric)
KR068-11;CellEvent™ Senescence Green Flow Cytometry Assay Kit
KR068-12;Human Leptin ELISA Kit
KR068-13;Human Adiponectin ELISA Kit
KR073-01;Flow Check Kit - Fluorospheres (3x 10 ml)
KR074-01;XTT sodium salt
KR078-00;Picrylsulfonic acid solution (1 ml)
KR080-00;Sertraline hydrochloride (10 mg)
KR081-00;Cyclosporin A  (25 mg)
KR081-01;"Dispase II; Sigma# D4693-1G"
KR081-06;"Dispase II; Sigma# 04942078001"
KR082-01;G-CSF (2nd Int. WHO Standard)
KR082-02;Recombinant Human G-CSF
KR082-09;Ro106-9920 (1 mg)
KR082-10;SEAP Assay - chemiluminescent
KR082-11;TCDD  in Nanone (0,2 ml)
KR082-12;TCDD in DMSO (0.2 ml)
KR083-00;FcR Blocking Reagent (2 ml)
KR083-01;cOmplete™ Proteasehemmer-Cocktail
KR083-02;Pan T Cell Isolation Kit, human
KR083-03;LS Separation columns
KR084-00;Nocodazole (2 mg)
KR085-00;Resazurin sodium salt
KR085-01;Propidium Iodide (10 mg)
KR085-02;Resorufin ethyl ether (1 mg)
KR085-03;Dicoumarol (5 mg)
KR085-04;Resorcinol
KR085-05;4-Allylanisol
KR085-06;Calciumchlorid Dihydrat
KR085-07;Magnesium Chloride hexa-hydrate
KR085-08;Oil Red O solution
KR085-09;Sodium selenite
KR085-10;1-Chlor-2,4-dinitro-benzol
KR085-11;Methyldibromglutaronitril
KR085-12;(R)-(+)-Limonen
KR085-13;Digitonin
KR085-14;Coelenterazines-h
KR085-15;Adenosin-5′-triphosphat Dinatriumsalz -Lösung ATP
KR085-16;Orexin A human, rat, mouse
KR085-17;Orexin B human
KR085-18;Nile Red
KR085-19;Adenosin-5′-triphosphat Dinatriumsalz Hydrat (ATP)
KR085-20;Resazurin sodium salt (10g)
KR085-21;"D-(+)-Trehalose Dihydrat 10 G; Sigma T0167-10G"
KR085-22;Adenosin-5′-triphosphat Magnesiumsalz (Mg-ATP)
KR085-23;Caesiumhydroxid solution
KR085-24;"D-(+)-Trehalose Dihydrat 25 G; Sigma T0167-25G"
KR086-00;Lactic Acid solution (100 mg)
KR088-00;"Mo IgG1/FITC, Isotype Reag; Agilent# X092701-2"
KR090-00;Endotoxin-Referenz-Standard (USP)
KR090-01;Endotoxin-Referenz-Standard
KR090-02;Etanercept
KR090-03;Polyvinylpyrrolidon
KR090-04;Ectoine
KR091-00;Methylenblau
KR096-00;Staurosporine
KR096-01;Relaxin-1 - human (25 µg)
KR103-00;S9 from liver
KR104-00;Cytochalasin B
KR105-00;DAPI (1 mg)
KR110-00;(S)-(+)-Mandelic acid (25 g)
KR111-01;Trypan Blue solution (100 ml)
KR114-00;Cyclophosphamide monohydrate (1 g)
KR115-01;Sphingosine 1-phosphate (1 mg)
KR115-02;Nickelsulfat (100 g)
KR115-03;Dexamethason (25 mg)
KR115-04;IBMX (100 mg)
KR115-05;Rosiglitazone
KR115-06;Cholesterin (1 g)
KR115-07;L-α-Phosphatidylcholin (25 g)
KR115-08;Actinomycin D
KR115-09;Flagellin from Salmonella typhimurium
KR115-10;Maleinsäure-diethylester (100 g)
KR115-11;Infliximab CRS
KR115-12;IBMX (250 mg)
KR115-13;Aphidicolin (1 mg)
KR115-14;"Aphidicolin - CAS 38966-21-1 - Calbiochem; 178273-1MG"
KR115-15;Sphingosine 1-phosphate ready made solution
KR118-01;"SepsiTest-UMD CE IVD; 1x48 React. Molzym #U-010-048"
KR118-02;"SepsiTest-UMD CE IVD; 1x24 React. Molzym #U-010-024"
KR122-02;AppliChem  Agarose Basic, 250 g
KR122-03;Tryptic Soy Broth (500 g)
KR122-04;Thioglycollate medium (500 g)
KR122-05;Albumin human (100 mg)
KR122-06;Bovine Serum Albumin (50 g)
KR122-07;BSA Fraction V (30%-solution)
KR122-08;LB-Agar (Luria/Miller), granuliert
KR122-09;Albumin, Rind, Fraktion V, Protease-freilyophil. 5 g
KR122-10;Albumin, Rind, Fraktion V, Protease-frei, niedriger IgG 100g
KR122-11;Human Serum Albumin (20%ig, 100 ml)
KR122-12;Abklatschplatten
KR122-13;Sedimentations- und Wasserprobenplatten
KR127-01;Poly(dA:dT)/LyoVec (100 µg)
KR127-02;Pam3CSK4 (1 mg)
KR128-00;LTA - Lipoteichonsäure (5 mg)
KR130-00;cAMP-Gi kit (1000 assay)
KR130-01;cAMP-Gs kit (1000 assays)
KR130-02;IP-One Gq kit (1000 assays)
KR131-00;Multiplex PCR 5X Master Mix
KR133-01;"Bio-Glo™ Luciferase Assay System 10ml; G7941"
KR135-00;GSH/GSSG-Glo Assay (10 ml)
KR137-00;Triton X-100 (250 ml)
KR137-01;ROTI Star Buffer - pH 7 (500 ml)
KR137-02;ROTI Star Buffer - pH 4 (500 ml)
KR137-03;ROTI Star Buffer - pH 10 (500 ml)
KR137-04;Tween20
KR139-00;Dimethylformamid (100 ml)
KR140-00;Somastatin 1mg
KR140-01;CellTiter-Blue Cell Viability Assay (20 ml)
KR140-02;CellTiter-Glo® 3D Cell Viability Assay (10ml)
KR140-03;CellTiter-Glo® Luminescent Cell Viability Assay 10ml
KR140-04;CellTiter-Glo® 2.0 Cell Viability Assay
KR140-05;"alamarBlue™ Cell Viability Reagent 25 mL; # DAL1025"
KR140-06;"PrestoBlue™ Cell Viability Reagent; 25 mL; # A13261"
KR140-07;CellTiter-Glo® 3D Cell Viability Assay 100ml
KR141-00;HIV-1 p24 ELISA Kit, 96 wells
KR142-00;Biotin
KR143-00;D-Pantothensäure Hemicalciumsalz
KR144-01;TaqMan™ Gene Expression Assay (FAM) Assay ID: Hs00605917_m1
KR144-02;TaqMan™ Gene Expression Assay (FAM) Assay ID: Hs01005622_m1
KR144-03;TaqMan™ Gene Expression Assay (FAM) Assay ID: Hs01115513_m1
KR144-04;TaqMan™ Gene Expression Assay (FAM) Assay ID: Hs01115513_m1
KR144-05;TaqMan™ Gene Expression Assay (FAM) Assay ID: Hs00171584_m1
KR145-00;3-Isobutyl-1-methylxanthin, Sigma I5879-100MG
KR146-01;The Guava® easyCheck™ Kit – 100 Tests
KR146-02;The Guava® Instrument Cleaning Fluid (ICF) – 100 mL
KR146-03;Guava Cell Cycle Reagent (100 Tests)
KR147-00;Granulozyten-Makrophagen-Kolonie-stimulierender Faktor human
KR148-00;Granulocyte Macrophage Colony Stimulating Factor
KR149-00;Natriumhypochlorit-Lösung
KR150-00;BIOFLOAT™ FLEX Beschichtungslösung 60mL
KR151-00;Doxorubicin (hydrochloride) 50 mg
KR152-00;Natriumbutyrat
KR153-00;Harnsäure - Uric acid
KR154-01;Nω-Methyl-L-arginin -acetat (Salz) 5MG
KR154-02;Nω-Methyl-L-arginin -acetat (Salz) 25 MG
KR155-00;Humanes gastroinhibitorisches Peptid
KR156-00;β-Estradiol 100 mg
KR157-00;"Sericin Bombyx mori (silkworm); Sigma #S5201-5G"
KR158-01;Nitric Oxide Assay Kit (Flow Cytometry - Red) (ab219934)
KR158-02;Cell Meter(TM) Fluorimetric Intracellular Nitric oxide (NO)
KR159-01;Glucagon-Like Peptide I Amide Fragment 7-36 human
KR159-02;Glucagon 1 MG
KR160-00;Phenylmethansulfonylfluorid
KR161-00;RIPA-Puffer
KR162-00;OxiSelect™ Intracellular Nitric Oxide (NO) Assay Kit
KUEZ;Kühlzelle (2,3 x 2,6m)
LA001-00;frei
LA002-00;"MCL Probenkopf; Teilenummer# 6807297"
LA003-00;"Sheath Filter; Artikel #6912942"
LA004-00;IX-HOS HALTER F.OBJEKTTRAEGER
LA005-00;Olympus PLCN100XO-1-7 Objektiv mit 100-facher Vergrößerung
LA006-00;"CryoMed Sensor; Thermo #4000385"
LA007-00;neo-Lab-Magnetrührer ohne Heizung, 3 l Rührvolumen
LA007-01;Magnetrührstäbchen, hantelförmig, 35 mm
LA007-02;Magnetrührstäbchen, zylindrisch, mit Mittelring, 40 mm
LA007-03;Magnetrührstäbchen, zylindrisch, mit Mittelring, 35 mm
LA007-04;Magnetrührstäbchen, zylindrisch, 25 mm
LA008-00;Horizontale Elektrophoresesysteme, shiroGEL, Midi Plus
LA008-01;UV-transparentes Geltablett für shiroGEL Mini 10
LA008-02;Kamm für shiroGEL 15cm-Tray, 35 Taschen, 1.5mm Stärke
LA009-00;Regaloptionen & Zubehör für Klimakammern und Inkubatoren
LA010-00;Dremel 4250 Rotationswerkzeug 175 W
LG01-01;Mikrobiologische Sicherheitswerkbank, Klasse II, MSC-Advanta
LG01-02;Untergestell mit fester Höhe, 750 mm Arbeitshöhe, für 1,8-m
LG01-04;Heralus Comms
LG02-00;"Sunlab® Minizentrifuge SU1550, mit fixer; neoLab #D-8550"
LG03-00;"neoLab Vortex Schüttler; neoLab #7-2020"
LG04-00;"Orange Scientific elektrische Pipettierhilfe; geneo#8181-500"
LG05-00;Rollei Powerflex 350 WiFi - Kamera
LG06-00;InLine 48009 Tisch-Stativ
LG07-00;Cellometer Auto 2000 Automatic Cell Viability Counter system
LG08-00;Bandelin Sonorex RK 100 H
LG09-01;Hilfsmikroskop Carl Zeiss
LG09-02;Drehknopf m. Strich sw/ws 23x4mm Carl Zeiss
LG09-03;Deckel ABS/sw m. Strich für Knopf 23mm Carl Zeiss
LG09-04;Stand25 Poti47k, kopl. Carl Zeiss
LG09-05;"Bresser MikroCamII 9MP 4K 1"""
LG09-06;Bresser Reduzierlinse 1x variabel
LG10-00;EL-USB-TC-Temperaturlogger
LG10-01;IKT 20/040 Mantel-Thermoelement mit Miniaturstecker
LG10-02;Temperatur-Logger Libero CE
LG10-04;Temperatur-Logger Libero CD Single Use
LG10-22;Temperatur-Fühler für Libero CE
LG10-33;Temperatur-Fühler für Libero CE Dry Ice
LG11-00;Kompakt Waagen EMB-Serie, 0,1 g, 3000 g, EMB 3000-1
LG11-01;Zubehör Netzgerät für Kompakt Waagen EMB-Serie
LG12-00;Instrument Trial Fee
LM00-00;"Freiartikel ""Labormaterialien"""
LM001-00;Farbband für Etikettendrucker Resin SP 110 x 300 OUT
LM001-01;Farbband für CAB Etikettendrucker, R71, 38mm x 360m
LM002-00;Laboretiketten (klein) Folienetikett e-3032, 30 x 15 mm
LM002-01;Laboretiketten (mittel) Folienetikett e-3032, 70 x 33 mm
LM002-03;"Laboretiketten ""acCELLerate"" für CAB-Druckautomat, 20.000"
LM002-04;Etiketten 20X68 E-2298 1R 76/2000 OUT acCELLerate Logo
LM003-01;Dismozon Plus (50 Beutel) 16g Beutel
LM003-02;Dismozon Plus (100 Beutel) 16g Beutel
LM005-00;"Einmalhandschuh Nitril (M) ; Box/100St."
LM005-01;"Einmalhandschuh Nitril (S) ; Box/100St."
LM005-02;"Einmalhandschuh Nitril (L) ; Box/100St."
LM005-03;"Einmalhandschuh Nitril (XS) ; Box/100St."
LM005-04;Latex Gloves, M, Powder free
LM005-06;Einmalhandschuhe Semperguard® Nitrile Xenon, Gr. M
LM005-07;"Einmalhandschuh RotiProtect Nitril evo (M) ; Box/100St."
LM005-08;"Einmalhandschuh RotiProtect Nitril eco (M) ; Box/100St."
LM005-09;Armstulpen, PP/PE, weiß, 400mm
LM005-10;Laboratory coats, PP, XL, weiß
LM005-11;Cryo-Gloves®, MAXL (XL, blau, 345-390cm)
LM005-12;Armstulpen, PP/PE, weiß, 500mm
LM005-13;Einmalhandschuhe SHOWA 7540, Größe: L
LM005-14;Cryo-Gloves®, Gr. M, blau, ~350 mm
LM005-15;Laboratory coats, PP, XL, grün
LM005-16;"Einmalhandschuh Nitril (L), hellblau ; Box/100St."
LM005-17;Cryo-Gloves Unterarmlang MAXLWP wasserdicht
LM006-00;Einweg-Spritzen, steril, 3 ml (100 Stk./Pack.)
LM006-01;Einweg-Spritzen, steril, 20 ml (50 Stk./Pack.)
LM006-02;Einweg-Injektionskanülen FINE-JECT, hellgrau
LM006-03;Einweg-SterilFILTER Filtropur S (0.2 µm)
LM006-04;Einweg Injektionskanülen 40x0,9mm, gelb
LM006-05;Einweg Injektionskanülen 40x0,8mm, grün
LM006-06;Einweg-Spritzen, steril, 5 ml (100 Stk./Pack.)
LM007-01;0,2ml-PCR-Multiply-µStripPro 8er Kette
LM007-02;Thermowell™ GOLD 0.2 mL PCR Tubes
LM007-03;PCR Tubes, 0.2 ml
LM008-01;Eppis (1,5 ml), amber
LM009-00;Handcreme Stokolan Classic 100ml
LM010-00;KimWipe (100 Tücher/Box)
LM010-01;Spezial-Wischtuch, weiß, 40x38 cm
LM010-02;WYPALL L10 Extra Paper Wipe, Rolle 380 mm breit
LM010-03;WYPALL L20 Paper Wipe, Rolle 380 mm breit
LM010-04;WYPALL L10 EXTRA+ Paper Wipe, Rolle 325 mm breit
LM010-05;Versi-Dry™ Oberflächenschutz
LM011-00;Lab-Marker, VE=10 Labormarker schwarz
LM011-01;Lab-Marker, VE=10 Labormarker blau
LM011-02;Labormarker Securline Set
LM013-02;Pipettenspitze in TipStacks, 2 - 200 µl, StackPack
LM013-06;Biosphere FILTER-Tips, 2 - 200 µl
LM013-08;Biosphere FILTER-Tips, 50 - 1.250 µl, lang
LM013-09;Rainin Pipettenspitzen, Tips RT-LTS-A-300µl-/L/S-768/8
LM013-10;Rainin Pipettenspitzen, Tips RT-LTS-A-300µl-/F/L-768/8
LM013-11;Rainin Pipettenspitzen, Tips RT-LTS-A-1200µl-/L/S-768/8
LM013-12;Rainin Pipettenspitzen, Tips RT-LTS-A-1200µl-/F/L-768/8
LM013-13;Rainin Pipettenspitzen, Tips GPS-LTS-A-250µl-/L/S-960/10
LM013-14;Rainin Pipettenspitzen, LTS-Tips GPS-L1000SLR-768/8
LM013-15;Rainin Pipettenspitzen HRC UNV 1000μL F 768C/8 (Filter Tips)
LM013-16;Rainin Pipettenspitzen GPS UNV 250μL 960A/10, SpaceSaver
LM013-17;Rainin Pipettenspitzen, Tips GPS-LTS-300µl-S-768/8
LM013-18;Biosphere FILTER-Tips, 10 - 100 µl
LM013-19;Rainin Pipettenspitzen RT UNV 250μL 960A/10
LM013-21;Biosphere LowRet. FILTER-Tips, 30-300 µl
LM013-22;Biosphere LowRet. FILTER-Tips, 30-300 µl - SingleREFILL
LM013-23;Biosphere LowRet. FILTER-Tips, 10 - 100 µl
LM013-24;Biosphere plus Filter-Tips, 30-300 µl
LM013-25;PCR Preformance Tips, 50 - 1.250 µl, StackPack
LM013-26;Biosphere LowRet. FILTER-Tips, 10 - 100 µl - SingleREFILL
LM013-27;Rainin Pipettenspitzen GPS UNV 1000μl LS 768A/8
LM013-28;Biosphere Tips, 50 - 1.250 µl, lang
LM013-29;Biosphere FILTER-Tips, 50 - 1.250 µl, SingleRefill
LM013-30;Biosphere FILTER-Tips, 2 - 20 µl
LM013-31;Biosphere FILTER-Tips, 50 - 1.250 µl, Box
LM015-00;"Überziehschuhe blau; VE=100 St."
LM018-01;Trockeneis Platten 150 x150 x 30 mm
LM019-00;Vernichtungsbeutel 600 x 780 mm
LM019-01;Vernichtungsbeutel 200 x 300 mm
LM019-02;Multi-Safe vario 2000 Abwurfbehälter
LM020-01;2,5 ml Combitips advanced®, Biopur, einzeln steril verpackt
LM020-02;10 ml Combitips advanced®, Biopur, einzeln steril verpackt
LM020-03;50 ml Combitips advanced®, Biopur, einzeln steril verpackt
LM020-04;0,5 ml Combitips advanced®, Biopur, einzeln steril verpackt
LM020-05;12,5 ml Fisherbrand™ Dispensertips, steril
LM020-06;X100 PDTips II, 0.1ml, BIOCERT, einzeln verpackt
LM020-07;X100 PDTips II, 12.5ml, BIOCERT, einzeln verpackt
LM020-08;X25 PDTips II, 50ml, BIOCERT, einzeln verpackt
LM020-1;Reagenzien-Reservoir, 8-Kanal, steril
LM020-2;Reagenzien-Reservoir, 60ml, steril
LM020-3;Reagenzien-Reservoir für 8/12-Kanalpipetten, unsteril
LM020-4;Reagenzien-Reservoir für 8/12-Kanalpipetten, steril
LM021-00;O-Ring-Set für Xplorer 50-1.200 µl
LM021-01;O-Ring-Set für Xplorer 5-100 µl
LM021-02;Eppendorf® Locking Clip
LM022-00;Baktolin Pure Waschlotion, 5 L
LM022-01;Baktolin Pure Waschlotion, 500 mL
LM024-01;Röhre für Flowcytometer FC500, Sarstedt #55.1579
LM024-02;Schraubröhre, 13 ml mit Deckel, Rundboden, steril
LM024-03;BRAND® semi-micro cuvette
LM025-00;Sterilium Desinfektionsmittel für die Hände, 5L-Kanister
LM025-01;Sterilium Desinfektionsmittel für die Hände, 500 ml
LM025-02;Händedesinfektionsmittel nach WHO-Formulierung, 5 L Kanister
LM025-03;Bacillol AF, Flächendesinfektionsmittel, 1000 mL
LM025-04;Mycoplasma Off™, 1000ml Sprühflasche
LM027-00;SafeSeal Reagiergefäße 1,5 ml
LM027-01;SafeSeal Reagiergefäße 2,0 ml
LM027-02;Biosphere SafeSeal Reagiergefäße 1,5 ml, DNA-frei
LM027-03;SafeSeal Reagiergefäße 2,0 ml, blau
LM028-00;Reagiergefäße 1,5 ml
LM029-00;Eppendorf Tubes 5.0 ml (200 Tubes)
LM032-00;neodisher FA, Dr. Weigert, 10 L
LM032-01;neodisher Z, Dr. Weigert, 5 L
LM034-00;Aspirationspipette
LM035-00;Nalgene™ Economy Spülflaschen aus LDPE
LM035-01;"Sprühflasche ""Turn 'n' Spray"", 1 L"
LM035-02;Thermo Scientific™ Nalgene™ quadratische PETG-Medienflaschen
LM036-00;Label-Station für Tough®-Artikel
LM036-01;Tough-Spots® - 196 bis + 80 °C, 13 mm Ø, Gold
LM036-02;Tough-Spots® - 196 bis + 80 °C, 13 mm Ø, Weiß
LM036-03;Tough-Spots® - 196 bis + 80 °C, 13 mm Ø, Blau
LM036-05;Tough-Spots® - 196 bis + 80 °C, 13 mm Ø, Orange
LM036-06;Tough-Spots® - 196 bis + 80 °C, 13 mm Ø, Grün
LM036-07;Tough-Spots® - 196 bis + 80 °C, 13 mm Ø, Lila
LM036-08;Tough-Spots® - 196 bis + 80 °C, 13 mm Ø, Hell-braun
LM036-09;Tough-Spots® - 196 bis + 80 °C, 13 mm Ø, Pink
LM036-10;Tough-Spots® - 196 bis + 80 °C, 13 mm Ø, Rot
LM036-11;Tough-Spots® - 196 bis + 80 °C, 13 mm Ø, Silber
LM037-00;CASY Clean 500 ml
LM038-00;Casy Cups
LM039-00;Casy Ton, 10 Liter/Kanister
LM041-01;Serologische Pipette 10 ml
LM041-02;Serologische Pipette 25 ml
LM041-03;Serologische Pipette 2 ml
LM041-04;Serologische Pipette 50 ml
LM041-05;Serologische Pipette 5 ml
LM041-06;Serologische Pipette 1 ml
LM042-01;Centrifugation Tube (15 ml)
LM042-02;Centrifugation Tube (50 ml)
LM042-03;Centrifugation Tube (500 ml)
LM042-04;Schraubgefäß 120 ml mit Deckel, steril
LM042-05;Gosselin gerader Polypropylenbehälter, 125 mL, steril
LM042-06;Centrifugation Tube (250 ml)
LM042-07;Rack für Centrifugation Tube (175-250 ml)
LM042-08;Rack für Centrifugation Tube (für 10x 50 ml)
LM042-09;Rack für Centrifugation Tube (für 20x 50 ml)
LM042-10;Centrifugation Tube (175 ml), single use, sterile
LM042-11;Centrifugation Tube (175 ml), autoklavierbar
LM042-12;Centrifugation Tube (225 ml)
LM042-13;SepMate™-50 (IVD) (50 ml)
LM042-14;Rack für Centrifugation Tube (500 ml)
LM042-15;Centrifugation Tube (50 ml), braun
LM042-16;Centrifugation Tube (15 ml), braun
LM042-17;Kryoröhrchengestell
LM042-18;Fisherbrand™ Schwimmständer aus Schaum
LM042-19;"CoolCell grün; #432008"
LM042-20;FluidX 48-format Rack with Lid
LM042-21;Rack für Reaktionsgefäße 1,5-2,0 ml, PP, 5x16 Plätze, grün
LM042-22;Rack für Reaktionsgefäße 1,5-2,0 ml, PP, 5x16 Plätze, orange
LM042-23;Rack für Reaktionsgefäße 1,5-2,0 ml, PP, 5x16 Plätze, gelb
LM042-24;Multi-Tube Rack, grey
LM042-25;Gestelle für Reaktionsgefäße, VWR®, grün
LM042-26;Gestelle für Reaktionsgefäße, VWR®, gelb
LM043-00;Rundfilter für Hirschmann-Pipetus VWR #612-1982
LM043-01;Rundfilter für Brand Accu-Jet
LM043-03;In-Line Filter, Whatman™ VACU-GUARD™
LM046-00;Filtrationsauffanggefäße (250 ml)
LM046-01;Filtrationsauffanggefäße (500 ml)
LM046-02;Filtrationsauffanggefäße (1000 ml)
LM047-00;Via Check Control Microspheres (20ml)
LM050-00;Filtropur V25, Vakuumfiltrationseinheit
LM050-01;Vacuumfiltrationseinheit, 0.2µm, 250ml
LM051-00;Aluminiumfolie im Rollenspender, VWR 291-0047
LM052-00;PP-Ballonflaschen 10 l VWR #216-1703
LM053-00;Einweg-Spritze, 50 ml, Luer-Steck, steril
LM053-01;Einweg-Spritze, 50 ml, Luer-Lock, steril
LM054-00;Filtropur BT 50 FlaschenaufsatzFILTER
LM054-01;Vacuumfiltrationseinheit, 0.2µm, 500ml
LM055-00;Filterkerze für Autoklaven VX150
LM055-01;HEPA-Ersatzfilter für Forma-Inkubatoren Series 3100
LM058-01;Instrumentenschalen mit Knopfdeckel 200×100×30 mm
LM059-01;Wägepapier (Weighing paper)
LM060-01;RM-A (cut)
LM060-02;RM-B (cut)
LM060-03;RM-C (cut)
LM061-00;Petrischale (92 x 16 mm)
LM061-01;Kontaktschale, PS, 65/15 mm, mit Nocken
LM062-01;Schraubverschluß rot für Mikro-Schraubröhren
LM062-02;Schraubverschluß gelb für Mikro-Schraubröhren
LM062-03;Schraubverschluß grün für Mikro-Schraubröhren
LM063-01;"Flaschen, enghalsig, mit Schraubverschluss; VWR# 215-3417"
LM063-02;"Flaschen, enghalsig, mit Schraubverschluss; VWR# 215-3410"
LM063-03;"Flaschen, enghalsig, mit Schraubverschluss; VWR# 215-3409"
LM064-01;"Reaktionsgefäß mit Schraubverschluss; VWR# 525-0644"
LM064-02;"Reaktionsgefäß mit Schraubverschluss; VWR# 525-0652"
LM064-03;"Reaktionsgefäß NEOLAB; VWR# NEOL7-4590"
LM064-04;Reaktionsgefäß ohne Schraubverschluss
LM065-00;SD100 Cellometer Zählkammern mit Schutzfolie, 600 Analysen
LM065-01;Hämacytometer Cover Glass (f. Neubauerkammer)
LM065-02;Cellometer ViaStain AOPI Färbelösung
LM065-03;Neubauer Zählkammer
LM065-04;SD100 Cellometer Zählkammern mit Schutzfolie, 150 Analysen
LM065-05;PD300 Cellometer Zählkammern mit Schutzfolie, 100 Stück
LM066-00;SafeSeal Reagiergefäß 0,5 ml
LM067-00;OSRAM HBO 50W-AC 39V L1
LM068-00;Zähler / Handzähler
LM069-00;"Pasteur-Pipette, GESTOPFT; VWR #612-1798"
LM070-00;"KASTEN FÜR MICRO-OBJEKTTRÄGER 100PL BLAU; VWR# 631-0736"
LM071-00;Nunc-Immuno MicroWell 96 well solid plates
LM071-01;96-well Polypropylene Cluster Tubes
LM072-00;Einmal-Skalpelle, Cutfix, 10St./VE, #23
LM072-01;Einmal-Skalpelle, Cutfix, 10St./VE, #10
LM072-02;Einmal-Skalpelle, Cutfix, 10St./VE, #11
LM073-00;Einmalspritze, Luer-Lock, 3 ml, steril
LM074-00;"Pinzetten mit Führungsstift; Carl Roth #LT35.1"
LM074-01;Pinzette m.silikonbeschichteten Spitzen,115mm, für 1mg-5g
LM074-02;Pinzette m.silikonbeschichteten Spitzen,160mm, für 1-200g
LM074-03;Bürste, mittel, 115 mm
LM074-04;Kalibriergewicht, Klasse E2, 200 mg
LM074-05;Kalibriergewicht, Klasse E2, 20 g, polierter Edelstahl
LM074-06;Kalibriergewicht, Klasse E2, 100 g, polierter Edelstahl
LM074-07;Pinzette gerade spitz, 105 mm
LM074-08;Pinzette gebogen spitz, 130 mm
LM074-09;Spezialschere KNOWLES, spitz, geknöpft
LM074-10;Spezialschere SPENCER
LM074-11;Spezialschere LISTER abgewinkelt
LM074-12;Pinzette gerade stumpf, 160 mm
LM074-13;Pinzette gerade stumpf, 200 mm
LM075-00;6CH Large Tubing Cartridge with Resin Nozzle (5UL-2000UL)
LM076-00;"Objektträgerbox; Carl Roth #K534.1 rot"
LM076-01;PARAFILM® M, 100 mm, 38 m
LM076-02;Objektträger Kanten geschliffen 45°, mit Mattrand
LM076-03;Pasteurpipetten mit Faltenbalg graduiert, 5 ml, 195 mm
LM077-00;Sicherheitsventil Za G1/4-RC3/8
LM078-00;"Deckgläser; Ø 20 mm; VE 1000"
LM078-01;"Deckgläser; Ø 15 mm; VE 1000"
LM078-02;"Deckgläser; Ø 10 mm; VE 1000"
LM079-00;Membranfilter, 0,45 µm, PTFE, steril EPPENDORF, VE 5,
LM080-00;"Batterie, Lithium-Polymer, für PIPETBOY acu 2; VWR"
LM080-01;Lithium-Ionen-Akku f. Multipette, Eppendorf
LM080-02;Akkufachdeckel für PIPETBOY acu 2
LM080-03;PIPETBOY acu 2
LM080-04;HandyStep touch, DE-M
LM080-05;Ladeständer für HandyStep touch & HandyStep touch S
LM080-06;Dispensette S, Digital,110ml, m. RDV
LM081-00;Laborflaschen, rund, braun, mit Gewinde, DURAN VE=10
LM083-00;CRF Kammersensor mini
LM085-02;Weithalsflaschen mit PP-Schraubverschluss, mit Griffmulde
LM085-03;Ersatz-Vakuumflasche, 4000 mL, ohne Schlauchanschlüsse
LM085-04;Ersatz-Vakuumflasche, 4000 mL, mit Schlauchanschlüssen
LM086-01;Autoklavenband schmal
LM086-02;Autoklavenband schmal, große Rolle
LM087-00;Baumwollhandschuhe
LM087-01;Strickhandschuhe
LM088-00;Klebefolien - Reinigungsmatten 60-lagig, 457 x 1143 mm
LM088-02;Klebefolien - Reinigungsmatten 30-lagig, 457 x 1143 mm
LM089-00;Gummi-Adapter (klein) für Pasteurpipetten/VacuBoy
LM090-00;Pipettenadapter, Silikon, hält die Pipette im Nasenstück
LM091-00;VHCpro Absaughandgriff, Fa. Vacuubrand
LM091-01;VACUBOY Handoperator-Set, Mehrkanal
LM091-02;O-Ring 2.57X1.78MM FKM 60 SHORE AU
LM092-00;Pouring ring, blue, PP, GL 45, VE 10 St.
LM093-00;Mikrofeinfilter für Miele Geschirrspüler G7883CD
LM094-00;Cherry Switches Mikroschalter DB3C-A1RC 250 V/AC 0.1 A
LM095-00;Hakenpinzette, ~12 cm, gerade mit Haken
LM096-00;Philips 5761 30W 6V G4 medical lighting [Energieklasse n/a]
LM096-01;Halogenbirne mit Sockel, 6V / 30W
LM097-01;Lager-Box Curver Essentials 26l (transparent)
LM097-02;Lager-Box Curver Essentials 45l (transparent)
LM097-03;Lager-Box Curver Essentials 16l (transparent)
LM097-04;Lager-Box Curver Essentials 20l (transparent)
LM097-05;Lager-Box 18L, KIS Moover Pro S, blickdicht m. Deckel
LM097-06;keeeper (OKT) bruno Eurobox XXL, 54l (transparent)
LM097-07;keeeper (OKT) bruno Eurobox XL, 28l (transparent)
LM097-08;Sicherheitsbehälter ROTILABO®
LM098-01;Corning Matrigel Basement Membrane Matrix, LDEV-free, 5 mL
LM098-02;Corning Matrigel Basement Membrane Matrix, LDEV-free 10 mL
LM099-00;CLA Barcodes (STR-Analyse)
LM100-00;"ASCO Magnetventil; #325037-LT"
LM101-01;Mikro-Schraubröhren, 0,5 ml, braun
LM102-00;Drigalskispatel
LM43-04;Rundfilter, für Integra-PipetBOY (Art.-Nr. 153016)
MD125-01;Recovery Buffer B
MD125-05;Recovery Buffer B
MD148-01;Recovery Buffer C
MD148-05;Recovery Buffer C
MD148-50;Recovery Buffer C
MD151-05;Recovery Buffer D
MD153-05;Recovery Buffer K
MD156-05;Recovery Buffer E
MD161-05;Recovery Buffer F
MD163-01;Recovery Buffer A
MD163-05;Recovery Buffer A
MD178-01;Recovery Buffer H
MD178-05;Recovery Buffer H
MD180-01;Recovery Buffer I
MD180-05;Recovery Buffer I
MD225-06;Transfection Medium B
MD248-06;Transfection Medium C
MD251-06;Transfection Medium D
MD263-06;Transfection Medium A
MD325-06;Assay Buffer B
MD348-06;Assay Buffer C
MD351-06;Assay Buffer D
MD356-06;Assay Buffer E
MD363-06;Assay Buffer A
MD363-50;Assay Buffer A
MD378-06;Assay Buffer H
MD390-01;Patch Buffer C
MD391-01;Patch Buffer D
MD392-01;Patch Buffer E
MD396-01;Patch Buffer (A)
MD397-01;Patch Buffer (B)
MD425-01;Assay Medium B
MD425-06;Assay Medium B
MD448-01;Assay Medium C
MD448-06;Assay Medium C
MD448-50;Assay Medium C
MD451-01;Assay Medium D
MD451-06;Assay Medium D
MD451-50;Assay Medium D
MD453-06;Assay Medium K
MD456-06;Assay Medium E
MD461-06;Assay Medium F
MD463-01;Assay Medium A
MD463-06;Assay Medium A
MD465-01;Assay Medium G
MD465-06;Assay Medium G
MD478-06;Assay Medium H
MD953-04;TF-1 medium supplement
ME000-00;"Freiartikel ""Medium & Supplements"""
ME001-00;RPMI 1640, with HEPES, stable Gln., NaHC, phenol red
ME00100-00;4′,6-Diamidino-2-phenyl-indol -dihydrochlorid 5 MG
ME001-01;RPMI 1640, with L-Gln, NaHC, phenol red,  w/o L-Tryptophan
ME001-02;RPMI 1640, with NaHC, w/o L-Gln, phenol red
ME001-03;RPMI 1640, with NaHC, phenol red, w/o L-Gln
ME001-04;RPMI 1640, with L-Gln, NaHC, phenol red
ME001-06;RPMI 1640, with GlutaMAX, phenol red, NaHC, w/o HEPES
ME001-07;RPMI 1640 (ATCC modification)
ME001-08;RPMI 1640 Advanced
ME001-09;RPMI 1640 with HEPES, L-Gln., NaHC, phenol red
ME002-01;Alpha MEM, w/o nucleosides
ME002-02;Alpha MEM, with nucleosides
ME002-03;Alpha MEM, with nucleosides, w/o phenolred
ME003-01;Ham's F12, w/o L-Gln, phenol red
ME003-02;Ham's F12, with phenol red, w/o L-Gln
ME003-03;Ham's F12, with L-Gln, phenol red
ME003-05;Ham's F12 (Kaighn's modification)
ME004-01;DMEM (high glucose), w/o L-Gln, phenol red
ME004-02;DMEM (high glucose), with phenol red, w/o L-Gln, NaPy
ME004-03;DMEM (low glucose), w/o phenol red, NaPy
ME004-04;DMEM (low glucose), with phenol red, NaPy
ME004-09;DMEM (high glucose), with L-Gln, phenol red, NaPy
ME004-10;DMEM (high glucose), with L-Gln, phenol red, NaPy
ME004-11;DMEM (high glucose), with L-Gln, phenol red, NaPy
ME004-12;DMEM (high glucose) with GlutaMAX, phenol red, NaPy
ME004-13;DMEM (high glucose) with GlutaMAX, phenol red, NaPy
ME004-14;DMEM (high glucose), with phenol red, L-Gln, low NaHCO3
ME004-16;DMEM (no glucose), with L-Gln, phenol red, w/o NaPy
ME004-17;DMEM (high glucose), with L-Gln, phenol red, w/o NaPy
ME004-18;DMEM (high glucose) with GlutaMAX, phenol red, no NaPy
ME005-04;DMEM/F12, with HEPES, NaHC, L-Gln, w/o phenol red
ME005-05;DMEM/F12, with HEPES, NaHC, w/o L-Gln, phenol red
ME005-10;DMEM/F12, with HEPES, NaHC, phenol red, w/o L-Gln
ME005-14;DMEM/F12, with NaHC, phenol red, w/o HEPES, L-Gln
ME005-15;DMEM/F12, with NaPy, phenol red, w/o L-Gln, HEPES
ME005-16;DMEM/F12, with stable Gln, NaPy, phenol red, w/o HEPES
ME005-17;DMEM/F12, with Gln, NaPy, phenol red, HEPES
ME006-02;IMDM (high glucose), with HEPES, NaPy, w/o phenol red
ME006-03;IMDM (high glucose), with HEPES, NaPy, phenol red
ME006-04;IMDM (high glucose), with HEPES, NaPy, phenol red
ME006-05;IMDM (ATCC modification), 1.5 g/L NaHCO3
ME007-00;MEM Eagle, with EBSS, with L-Gln, 1.5 g/L NaHC
ME007-01;MEM Eagle, with EBSS, w/o L-Gln, 2.2 g/L NaHC
ME007-02;MEM Eagle, with EBSS, with L-Gln, 2.2 g/L NaHC
ME007-03;"MEM Eagle, with EBSS, w/o L-Gln, phenolred; 2.2 g/L NaHC"
ME007-04;EMEM (ATCC-modification)
ME008-00;Leibovitz-Medium L15
ME008-01;William's Medium E, with NaHC, w/o L-Gln, phenol red
ME008-02;McCoy's 5A
ME008-03;MCDB 131, with NaHC (1,176 g/L), w/o L-Gln
ME008-05;Claycomb Medium
ME008-06;MCDB 153 Medium (with trace elements)
ME009-01;Opti-MEM I (reduced serum medium)
ME009-02;Expi293™ Expression Medium
ME009-03;ProCHO™ 5 Protein-free CHO Medium
ME009-04;Panserin 293A
ME009-10;FreeStyle 293 Expression Medium
ME009-12;FreeStyle CHO Expression Medium
ME009-20;EX-CELL ACF CHO Medium
ME009-21;CD CHO Medium
ME009-22;EX-CELL CHO DHFR Medium
ME009-23;ClonaCell-HY Medium E
ME009-24;Lymphocyte Separation Medium, Density 1.077 g/ml
ME009-25;CD FortiCHO™-Medium
ME009-26;CD 293 Medium
ME010-01;Endothelial Cell Growth Medium
ME011-01;Immunzell Medium (serum free)
ME011-03;LGM-3 (Lymphocyte Growth Medium)
ME012-00;Epithelial Cell Medium
ME012-01;Pantum 386 Complete Medium for Epithelial Cells, with L-Gln
ME012-02;Airway Epithelial Cell Basal Medium
ME012-03;Bronchial Epithelial Cell Growth Kit
ME014-01;KBM-Gold Basal Medium
ME014-02;KGM-Gold BulletKit
ME014-03;KGM Gold SingleQuots Supplements and Growth Factors
ME014-04;Keratinozyten-SFM (1x)
ME016-01;Cryopan I (serum-free freezing medium), 50 ml
ME016-02;Cryoprotective Freezing Medium
ME016-03;CryoSOfree (DMSO-free freezing medium)
ME016-04;CryoStor CS10
ME016-05;Recovery™ Cell Culture Freezing Medium
ME016-06;CryoStor CS5
ME016-07;CELLBANKER 2, 100 ml
ME016-08;Cryopan I (serum-free freezing medium), 100 ml
ME016-09;Cryopan I (serum-free freezing medium), 500 ml
ME016-10;CELLBANKER 2, 20 ml
ME016-11;Bambanker, 120 ml
ME016-12;CELLBANKER 1 (20ml)
ME020-01;Sodium Pyruvate (100 mM)
ME020-02;Sodium bicarbonate solution (7.5%)
ME020-03;HEPES Buffer Solution (1 M)
ME022-00;L-Glutamine Solution (200 mM)
ME022-01;GlutaMAX
ME022-02;Stable Glutamine (100x)
ME023-00;MEM NEAA (100x)
ME024-00;Pluronic F-68 (10%)
ME025-01;ß-Mercaptoethanol (50 mM)
ME026-00;DMSO (Dimethyl sulfoxide)
ME026-08;DPBS 1 L
ME027-01;Hydrocortisone (1mg/ml)
ME027-02;ITS solution II (100x)
ME027-03;ITS solution I (100x)
ME027-04;T3 (tri-iodo-thyronine sodium salt)
ME027-05;HT Supplement (100X)
ME027-06;GS Supplement (50X)
ME027-07;MSX
ME027-08;Anti-Clumping-Agent
ME027-09;Fibronectin, bovine
ME027-10;Gelatin Solution (AF Protein)
ME027-11;T3 / 3,3′,5-Triiod-L-thyronin Natriumsalz
ME027-12;Dextransulfat Natriumsalz
ME029-01;Penicillin / Streptomycin
ME029-02;Gentamicin (50 mg/ml)
ME029-03;Tetracycline hydrochloride (fest)
ME029-04;(±)-Norepinephrin -(+)-bitartratsalz
ME029-05;"Tetracyclin -hydrochlorid; Sigma #T3383-25G"
ME032-01;Accutase, 100 ml
ME032-02;Accutase, 500 ml
ME032-03;AccuMax, 100 ml
ME032-04;AccuMax, 500 ml
ME033-01;TrypLE Express (5 L)
ME033-02;TrypLE Express (500 ml)
ME033-03;TrypLE Express (500 ml), with phenolred
ME035-00;Trypsin-EDTA (0,25%), 100 ml
ME035-01;Trypsin-EDTA (0,25%), 500 ml
ME035-02;Trypsin-EDTA (0.05%), 100 ml, phenolred
ME035-03;Trypsin-EDTA (0.05%), phenolred
ME038-00;Cell Dissociation Buffer
ME039-00;Defined Trypsin Inhibitor
ME040-01;G418 Sulfate Solution (50 mg/ml)
ME040-02;G418 Sulfate Solution (100 mg/ml)
ME040-03;G418 Sulfate
ME042-00;Puromycin (10 mg/ml), 10x 1mL
ME042-01;Puromycin (10 mg/ml), 20 mL
ME043-01;Blasticidine (10 mg/ml)
ME045-05;Hygromycin B
ME045-06;Hygromycin B (50 mg/ml)
ME046-00;Zeocin
ME047-01;HEK-Blue Selection (250x)
ME061-01;DPBS
ME061-02;DPBS
ME061-03;DPBS (+MgCl2, +CaCl2)
ME062-00;PBS
ME062-01;PBS/EDTA (1% EDTA in PBS)
ME063-011;HBSS (Hank's Balanced Salt Solution)
ME064-01;Sterile Water (cell culture grade)
ME069-02;Hydrocortisone, ethanol-soluble, Sigma #H0135-1MG
ME076-05;"ITS solution II (100x); PAN #P07-03200; 5 mL"
ME080-01;FBS qualified
ME080-02;FBS qualified-heat inactivated (h.i.)
ME081-02;FBS-heat inactivated (h.i.)
ME082-00;FBS Low Endotoxin
ME082-02;FBS Superior
ME082-03;FBS Premium (Std)
ME082-04;FBS Hyclone (New Zealand)
ME082-05;FBS Hyclone (characterized, heat inactivated)
ME082-06;FBS Hyclone (charcoal treated, heat inactivated, irradiated)
ME083-02;FBS (EU approved, South America)
ME083-03;FBS Good (EU approved)
ME084-01;FBS (US Origin)
ME084-02;FBS (USDA approved, heat inactivated)
ME084-03;FBS (USDA approved)
ME084-04;FBS (gamma irradiated)
ME084-05;FBS (Brazil)
ME085-01;FBS (tetracyclin-free)
ME085-02;FBS (dialysed)
ME085-05;FBS (ultra low IgG)
ME085-06;FBS (HL-1 qualified)
ME089-01;Horse Serum
ME095-01;Medium 199, low NaHCO3
ME095-02;Medium 199, high NaHCO3
ME096-01;Skeletal Muscle Cell Growth Medium - Basal Medium 500 ml
ME096-02;Skeletal Muscle Cell Growth Medium SupplementMix
ME097-00;NbActiv4 (For Primary Neuron Cultures) 500 ml
ME097-01;T-Cell Culture Supplement with ConA
ME098-01;M3 base medium
ME099-00;EmbryoMax 0,1 % Gelatinelösung 500 ML
ME100-00;CTS Synth-a-Freeze Medium 50ml
ME258-05;NFM-G2
MRC01;hERG-HEK293 assay ready cells
NL001;Dry Ice Shipment & Packaging
NL104;Dry Ice & Packaging
NL105;Shipping, Taxes & Duties
NL108;LiN2 Shipment (Dry Shipper)
NL200;Dry Ice Temp Logger
NL280;Cell Request from Stock
NMB01;CHO-K1 PD-L1
NMB02;Jurkat-NFkB 4-1BB
NMB03;ROR1-CHO
NMB04;Jurkat-NFAT-Luc
NVT01;NK3.3 Assay Ready Cells
NVT07A;CHO PD-L1
NVT07B;NFAT-luc2/PD-1 Jurkat
NVT11;HEK293-hBAFF-R Assay Ready Cells
OL002;A-431
OL003;BT20
OL004;C33A
OL005;HCT-116
OL006;HEK293
OL007;HeLa
OL008;HS-578T
OL009;-7,00 MCF
OL010;MDA-MB-231
OL011;MDA-MB-468
OL012;RD-ES
OL014;SAOS-2
OL015;SK-BR3
OL016;U-87 MG
OL017;VcaP
OL018;22RV1
OL019;PC3
OL020;786-O
OL021;A-204
OL022;A-673
OL023;CAKI-1
OL024;CLS-439
OL025;HCT-15
OL026;LoVo
OL027;MG-63
OL028;SK-LMS-1
OL029;SK-MEL-28
OL030;SK-MEL-5
OL031;TE671
OL032;NCI-H82
OL033;BxPc3
OL034;A2780
OL035;CaSki
OL036;SK-N-SH
OL037;J82
OL038;SK-OV-3
OL039;A-375
OL040;MDA-MB-435
OL041;OVCAR-3
OL042;SF295
OL043;COLO-678
OL044;SK-HEP-1
OL045;DLD-1
OL046;MDA-MB-436
OL047;Caco-2
OL048;5637
OL049;COLO-205
OL050;NCI-H292
OL051;T24
OL052;JAR
OL053;JEG3
OL054;Panc-1
OL055;HT-1080
OL056;UMUC-3
OL057;HT-29
OL058;HS-729
OL059;Mia-PaCa-2
OL060;DU-145
OL061;U-2 OS
OL062;JIMT-1
OL063;IMR-90
OL064;SF268
OL065;AsPc-1
OL066;IGROV1
OL067;Hep-G2
OL068;PLC-PRF5
OL069;Calu-6
OL070;MHH-ES1
OL071;EFO21
OL072;PanC1005
OL073;ACHN
OL074;NCI-H358M
OL075;OVCAR4
OL076;RD
OL077;SNB75
OL078;SK-N-AS
OL079;UO31
PZR01;CHO-alpha1 AdrenR assay ready cells (2E7)
PZR02;CHO-Beta2 Adren1R assay ready cells (2E7)
PZR03;CHO-Cannabinoid R assay ready cells (2E7)
PZR04;CHO-Dopamine1R assay ready cells (2E7)
PZR05;CHO-HistamineR assay ready cells (2E7)
PZR06;CHO-Muscarinic1R assay ready cells (2E7)
PZR07;CHO-Muscarinic3R assay ready cells (2E7)
PZR08;CHO-Serotonin2BR assay ready cells (2E7)
PZR09;HEK-hDAT assay ready cells (2E7)
PZR10;HEK-hSERT assay ready cells (2E7)
PZR11;HEK-rNET assay ready cells (2E7)
PZR12;U2OS-µOpoidR assay ready cells (2E7)
PZR20;CHO-NaV1.5 assay ready cells (5E6)
PZR21;HEK-GABAa assay ready cells (5E6)
QCA26;Sterility Testing*
QCA53;Mycoplasma Testing*
QCA58;Adventitious Virus Testing (PharmEU)
QCA87;Virus Testing (PCR)
RE0000;Custom Item
RE210;HEK293-NFkB-Luc
RE211;A549-NFkB-SEAP
RE232;KeratinoSens® Assay Ready Cells
RE234;LuSens Assay Ready Cells
RE242;KeratinoSens® Cell Line
RE242K;KeratinoSens® Assay Ready Cells (Kit)
RE244;LuSens cell line
RE301;CHO-Kir2.1 patch ready cells
RE302;CHO-Kv4.3/KChIP2 patch ready cells
RE303;CHO-KvLQT1/mink patch ready cells
RE304;CHO-hERG-DUO patch ready cells
RE305;CHO-NaV1.5-DUO patch ready cells
RE306;CHO-CaV1.2  patch ready cells
RE307;HEK-NaV1.4 patch ready cells
RE311;CHO-TXRPM8 patch ready cells
RE315;HEK-TXRPA1 patch ready cells
RE316;CHO-GABAa patch ready cells
RE421;ciPTEC 14.4. assay ready cells
RE422;ciPTEC OAT1  assay ready cells
RE423;ciPTEC OAT3  assay ready cells
RE500;ARC - assay ready cells
RE501;HL60 assay ready cells
RE502;Jurkat assay ready cells
RE503;K-562 assay ready cells
RE508;NB-4 assay ready cells
RE509;TF-1 assay ready cells
RE510;THP-1 assay ready cells
RE511;U-937 assay ready cells
RE512;RPMI-8226 assay ready cells
RE513;L5178Y assay ready cells
RE514;THP-1 macrophage assay ready cells
RE525;U-2 OS assay ready cells
RE530;HUVEC assay ready cells
RE544;MCF-7 assay ready cells
RE546;MDA-MB-231 assay ready cells
RE553;HEK293 Assay Ready Cells
RE554;A-498 assay ready cells
RE557;AGS assay ready cells
RE558;KATO-III assay ready cells
RE561;HepG2 assay ready cells
RE561K;HepG2 assay ready cells (Kit)
RE562;huH-7 assay ready cells
RE563;HCT-116 assay ready cells
RE565;Caco-2 assay ready cells
RE566;SW620 assay ready cells
RE567;SAOS-2 assay ready cells
RE568;HT-29 assay ready cells
RE569;T84 assay ready cells
RE570;HaCaT assay ready cells
RE573;A-431 assay ready cells
RE574;A-375 assay ready cells
RE576;HeLa assay ready cells
RE577;OVCAR-3 assay ready cells
RE578;SK-OV-3 assay ready cells
RE579;SCLC 21H assay ready cells
RE580;Calu-6
RE581;Calu-1 Assay Ready Cells
RE582;A549 assay ready cells
RE585;Capan-2 assay ready cells
RE587;Panc-1 assay ready cells
RE671;huKERA-12 assay ready cells
RE703;NFS-60 assay ready cells
RE705;RAW 264.7 assay ready cells
RE706;H4IIE  assay ready cells
RE706K;H4IIE assay ready cells (kit)
RE750;Vero assay ready cells
RE751;MDBK assay ready cells
RE752;MDCK assay ready cells
RE753;BHK-21 assay ready cells
RE754;Cos7 assay ready cells
RE771;B16 assay ready cells
RE772;L-929 assay ready cells
RE772K;L-929 assay ready cells
RE781;V79 assay ready cells
RE781c;V79 assay ready cells (cleansed)
RE781K;V79 assay ready cells
RE782;CHO-K1 Assay Ready Cells
RE784;C2C12 assay ready cells
RE785;3T3-L1 assay ready cells
RE786;NIH-3T3 assay ready cells
REGEN;Regeneration der Harze einer VE Patrone (39-46Liter)
RX301-01;alpha-CD54
RX302-02;alpha-CD86
RX303-01;Isotype control
RX401-05;BSA-Solution 10% in PBS
RX501-01;Cytotoxic Control
RX502-02;DNCB Stock solution
RX503-10;NiSO4 (100 µg/ml)
RX504-10;Lactic Acid (2 mg/ml)
RX505-01;Phospholipidosis Positive Control
RX506-01;Phospholipidosis Negative Control
RX507-01;instaCELL KeratinoSens Positive Control
RX508-01;Mg-ATP Solution
RX509-01;MAT_Capture Antibody
RX510-01;MAT_Detection Antibody
RX511-01;MAT_Coating Buffer
RX512-01;MAT_Streptavidin-HRP
RX513-01;MAT_ELISA Buffer
RX514-01;MAT_TMB Solution
RX515-01;MAT_BRP-Standard
RX516-01;TNF-a - Infliximab Stock Solution
RX517-01;TNF-a - TNF-a Stock Solution
RX520;Biocompatibility Reference Material
RX601-15;Blocking Buffer
RX701-03;Propidium iodide
RX702-01;Fluoroshield
RX718-01;Resazurin cell viability assay
RX720-06;PLD staining solution
RX740-01;PMS Solution
RX758-06;XTT cell viability assay
RX758-15;XTT cell viability assay
SA;LS Service Agreements Instruments Performance Blue
SF010-01;NIH-3T3 instaCELL cytotoxicity assay
SF020-01;instaCELL cytotoxicity assay kit
SF020-25;L-929 instaCELL cytotoxicity assay - Resazurin
SF030-01;HepG2 instaCELL cytotoxicity assay
SF060-01;HaCaT instaCELL cytotoxicity assay
SF060-05;HaCaT instaCELL cytotoxicity assay - Resazurin
SF070-01;Jurkat instaCELL cytotoxicity assay - Resazurin
SF120-01;instaCELL micronucleus assay kit
SF130-01;instaCELL phospholipidosis assay kit
SF180-01;instaCELL biocompatibility assay kit I (cytotoxicity)
SF220-01;instaCELL KeratinoSens assay kit
SF240-01;instaCELL pyrogen detection kit (MAT)
SF310-01;instaCELL TNF-a neutralization assay kit
SF320-01;instaCELL TNF-a potency assay kit
SOL01;Monthly Sublease
SOL02;Kurierkosten
SOL03;Labormaterialien
SOL04;Sonstige Auslagen
SOL05;Trockeneis
SOL06;Logistic Support
SOL07;Co-Working Space
STG001;---
TFX00;Transfected Assay Ready Cells (Pilot)
TFX05;Transfected Assay Ready Cells  (5E6)
TFX10;Transfected Assay Ready Cells  (1E7)
TFX20;Transfected Assay Ready Cells  (2E7)
TFX30;Transfected Assay Ready Cells  (3E7)
TFX40;Transfected Assay Ready Cells (4E7)
TFX50;Transfected Assay Ready Cells (5E7)
TG01-00;CO2 (Gas) UN 1013 Kohlendioxid 2.2, (C/E), 40 L, Westfalen
TG02-00;Flüssigstickstoff (Westfalen)
VE01-00;Verpackung und Versand 100€
VV01-01;"Styroporbox EPS-Box (klein); LBH 350*350*370; #11066G"
VV01-02;"Styroporbox EPS-Box (GROSS); LBH 520*360*335; #13630-G"
VV01-03;"Styroporbox EPS-Box (Kit); LBH  265 x 265 x 245 mm; #10423-0"
VV01-04;FreezeTherm 14 (M2.2) // 356 x 356 x 369mm
VV01-05;FreezeTherm 29
VV01-06;E89 PUR Container 533x356x445
VV01-07;E186 PUR Box 591x489x489
VV02-01;Enghalsflasche (4 ml, braun) 12 Stk./Pack.
VV02-02;Enghalsflasche (8 ml, braun) 12 Stk./Pack.
VV02-03;Enghalsflasche (15 ml, braun) 12 Stk./Pack.
VV02-04;Enghalsflasche (8 ml, natur) 72 Stk./Pack.
VV02-05;Enghalsflasche (15 ml, natur) 12 Stk./Pack.
VV02-06;Enghalsflasche (60 ml, natur) 1000 Stk./Pack.
VV02-07;Enghalsflasche (15 ml, natur) 2000 Stk./Pack.
VV02-08;"Schraubgewindeflaschen ND10; 1,5mL"
VV02-09;"Mikroeinsätze für weite Öffnung; 0,2,mL"
VV02-10;Nalgene™ Pipettenflaschen mit Dosierspitze
VV06-00;Schrumpfschlauch Verschlusskappen
VV11-00;Lupo-Beutel mit Haftklebeverschluss 120 x 180 mm,
VV12-00;PP-Beutel mit Haftklebeverschluss 150 x 250 mm, Labor
VV13-00;Kryobox, Karton, weiß beschichtet. 50mm hoch
VV13-01;Kryobox-Rastereinsätze 10 x 10
VV13-02;Kryobox, Karton, weiß beschichtet. 130mm hoch
VV13-03;Kryobox-Rastereinsätze 4 x 4
VV13-04;Kryobox-Rastereinsätze 5 x 5
VV14-00;Vakuumbeutel goffriert
VV15-00;Trockeneis Pellets
VV16-00;Vakuumverpackung Mattglasbirne weiß, 12x18cm, 100 Stück
VV17-01;"FlashLink® USB PDF -80°C; #40535 (5Days)"
VV17-02;"FlashLink® USB PDF -80°C; #40536 (15Days)"
VV17-03;"FlashLink® USB-reusable -80°C; #40570"
VV18-01;Faltkarton / fefco 0201  - 530mm x 368mm x 343mm
VV19-01;"Kryoboxen VWR 75×75×50 mm; RATI5160035"
VV19-02;Rastereinsätze VWR 69×69×35 mm, # RATI5160036
VV19-03;Mini-Kryoboxen für CryoTubes (5x 1-2 mL)
VV19-04;Kryoboxen, KeepIT-25™, rot
VV19-05;Mini-Kryoboxen für CryoTubes (10x 1-2 mL)
VV20-00;Gefahrgutaufkleber Klasse 9 verschiedene gefährliche Stoffe
VV21-00;Positionierungsetikett für Tiltwatch Kippindikator
VV22-00;Kippindikator Tiltwatch®
VV23-00;"Etikettenspender; Rajapack #AG818"
VV24-00;Schweißgerät Easy Packer und Easy Magnet Packer #APM200H
VV25-00;Zubehör Easy Packer und Easy Magnet Packer #WT200H
VV26-00;"Etiketten 20 x 68 mm; CILS"
VV27-00;Temperatur-/Feuchte-Logger
VV28-00;Daten-Logger VWR #620-1818, 2X1 St.
VV29-00;Cloud-Lizenz Advanced f.36 M- 0526 0733 0526 0733
VV30-00;Kryobox, PC, 133×133×52 mm, Fächer 10×10, blau
VV30-01;Kryobox, PC, 133×133×52 mm, Fächer 10×10, rot
VV30-02;Kryobox, PC, 133×133×52 mm, Fächer 10×10, gelb
WB01-00;Advertisement 114mm wide x 70mm deep for DD
WB02-00;acCELLerate im 19. German Biotech Guide 2017
XXID0082;XXXJurkat
xxx (CST80);cell bank storage
XXX RX760-05;Lysis Buffer KeratinoSens Assay Kit
XXX111-05;recovery buffer (RPMI)
XXX121-06;assay medium (RPMI)
xxxABGA01;DELL OptiPlex 3050 - Desktop-PC
XXXID0005-10;XXXHEK293 (1E7)
XXXID0006;XXXCHO-K1
XXXID0007-10;XXXL-929
XXXID0010;XXXNIH-3T3
XXXID0017;XXXMDCK
XXXID0023;XXXVero
XXXID0028;XXXHEK-CaV1.2
XXXID0029;XXXCaco-2
XXXID0071;XXXHaCaT
XXXID0077;XXXHEK-hERG
XXXID0080-05;XXXHep-G2
XXXID0082;Jurkat
XXXID0083;XXXU-937
XXXID0084;XXXCos-7
XXXID0104;XXXA549
XXXID0214;XXXHUVEC
XXXID0344;XXXRAW 264.7
XXXID0345;XXXHeLa
XXXID040-10;XXXTHP-1 (1E7)
XXXKR001-02;Ethanol 70% (V/V) Hofmann‘s® (unvergällt) 100 ml
XXXKR001-03;"Ethanol Eurodenatured ≥96% 5 l; GPR RECTAPUR® (1:1:1)"
XXXKR001-04;Ethanol 70% (V/V) Hofmann‘s® (unvergällt) 500 ml
XXXKR003-02;Ribonuclease A (50 mg)
XXXKR003-03;Ribonuclease A (100 mg)
XXXKR005-00;Luciferase Assay (100 Reactions)
XXXKR008-00;PCR Mycoplasma Test Kit (96)
XXXKR014-01;LYSO-ID® Red detection kit, 100 tests, #ENZ-51005-0100
XXXKR015-00;293fectin™ Transfection Reagent
XXXKR016-00;SYTOX® Green Dead Cell Stain, for flow cytometry
XXXKR018-00;62AM4PEB, cAMP dynamic Kit - 1000 tests
XXXKR019-00;EVAGREEN, 2000X IN DMSO 1 * 50 µl / VWR #31019
XXXKR036-00;Low Density Lipoprotein, BODIPY™ FL
XXXKR037-00;VenorGeM Classic (100 rxn)
XXXKR047-00;L-PEI (2 g)
XXXKR051-03;holo-Transferrin bovine 50MG, Thermo #11107018
XXXKR051-04;"Fetuin, Fetal Bovine Serum; Sigma #341506-1GM"
XXXKR051-06;Amphotericin B, 250 µg/ml, PAN #P06-01005S
XXXKR052-00;"MultiTox-Fluor Multiplex Cytotoxicity Assay; 10 ml #G9200"
XXXKR056-00;TransIT-LT1 Transfection Reagent 1 ml
XXXKR062-02;IL-2 - human (1E5 IU)
XXXKR066-00;"Sodium chloride solution; Sigma# S8776-100ML"
XXXKR067-00;"Cell Sorting Set-up Beads; Thermo #C16508"
XXXKR068-01;"IL-6 Human Uncoated ELISA Kit with Plates; Thermo#88-7066-22"
XXXKR068-04;"IL-6 Human Uncoated ELISA Kit; #88-7066-77; 20 x 96 tests"
XXXKR072-01;rec. hum. IL-2 (50µg), Sigma-Aldrich
XXXKR072-03;rec. hum. IL-2 (50µg), PeproTech
XXXKR072-04;rec. hum. IL-2 (250µg), PeproTech
XXXKR072-05;rec. hum. IL-5 (10µg), PeproTech, animal-free
XXXKR072-08;rec. hum. IL-5, Thermo, 1x 10µg
XXXKR072-09;rec. hum. IL-5, Thermo, 100 µg (10x 10µg)
XXXKR073-03;PKG, PC7 (770/488) SET-UP KIT
XXXKR074-00;XTT (250 mg)
XXXKR074-02;XTT - Natriumsalz BioChemica
XXXKR075-01;Recombinant Human IL-10 Protein (R&D) with Carrier
XXXKR076-00;Agarose Low melting Point
XXXKR076-01;Gelatin from porcine skin
XXXKR082-03;Recombinant Human/Murine/Rat GDF-11 5µg
XXXKR082-07;"rec. hum. IL-36 beta/IL-1F8; 25 ug R&D Systems"
XXXKR087-00;LYSO-ID(R) red detection reagent 5000 tests (1900 USD)
XXXKR089-00;"Digitonin; Sigma# D141-100MG"
XXXKR097-00;Zinc Oxide (5 g)
XXXKR098-00;"Copper(II) oxide; Sigma #544868-5G"
XXXKR099-00;Tungsten carbide, 99.5% (metals basis) 100g
XXXKR100-00;Copper(II) oxide, nanopowder 10g
XXXKR101-00;Titanium(IV) oxide, NanoArc™ 25g
XXXKR102-00;Phagocytosis Assay Kit (IgG FITC)
XXXKR107-00;"AssayComplete™ Cell Culture Kit-103; DiscoverX #92-3103G"
XXXKR108-00;"Cell Detachment Reagent; DiscoverX #92-0009"
XXXKR111-00;Immersionsöl / Immersion oil 50 mL
XXXKR112-00;Globulins Cohn fraction II, III human
XXXKR115-00;"Benzo[a]pyrene; Sigma #B1760-100MG"
XXXKR116-00;"SepsiTest-UMD CE IVD; 1x12 React. Molzym #U-010-012"
XXXKR121-00;"Pierce™ Chromogenic Endotoxin Quant Kit; Thermo #A39552S"
XXXKR122-01;Agarose Low Melting EEO
XXXKR125-00;"Zelllinie MDBK (NBL-1); CLS #600396"
XXXKR127-00;"Peptidoglycan PGN-ECndss ultrapure; InvivoGen #tlrl-ksspgn"
XXXKR129-00;"Zelllinie 3T3-L1; CLS #400103"
XXXKR133-02;"Bio-Glo™ Luciferase Assay System 100ml; G7940"
XXXKR134-00;"Passive Lysis 5X Buffer; Promega #E1941"
XXXKR138-00;Zelllinie HuH7
XXXLG01-03;Lieferung frei Verwendungsstelle HeraGuard
XXXLM003-00;Dismozon Pur (100 Beutel) 30g Beutel
XXXLM013-00;Pipettenspitze, 50 - 1.250 µl,  farblos, unsteril
XXXLM013-04;Biosphere Tips, 50 - 1.250 µl, lang
XXXLM013-07;Biosphere, LowRet. FILTER-Tips, 2 - 20 µl
XXXLM042-03;"Zentrifugenröhrchen 50 ml; Corning #352070"
XXXLM045-03;Corning 2 mL Internal Threaded Polypropylene Cryogenic Vial
XXXLM045-04;"FluidX 2D Barcoded 2.0ml Cryo Tube; Brooks"
XXXLM046-03;"Filtrationsauffanggefäße mit Verschluss 250 ml; VWR#391-0283"
XXXLM056-00;Kombinierte pH-Elektroden mit integriertem Temperaturfühler
XXXLM057-00;Messbecher mit Griff 5000 ml
XXXLM058-00;Instrumentenschalen mit Knopfdeckel 260×150×50 mm
XXXLM060-00;"Becherglas hohe Form, VE 10; VWR # 213-1170"
XXXMD148-01;XXXRecovery Buffer C
XXXMD163-01;XXXRecovery Buffer A
XXXMD178-05;Recovery Buffer H
XXXMD363-05;Assay Buffer A
XXXMD451-06;Assay Medium D
XXXMD451-50;Assay Medium D
XXXMD463-01;Assay Medium A
XXXME001-04;RPMI-1640, without phenolred, Sigma#  R7509-6X500ML
XXXME001-05;RPMI-1640, without phenolred, Sigma#  R7509-6X1L
XXXME002-03;"Alpha MEM Eagle, w: Ribonucleos.; 24x500ML"
XXXME002-04;"Alpha MEM Eagle, w: Ribonucleos.; 6x500ML"
XXXME002-05;Alpha MEM Eagle, ohne Nucleoside, 6x500 ML
XXXME004-06;"DMEM/F12 with Phenol red; Sigma #D6421-6X500ML"
XXXME004-07;DMEM (high gluc, w/o L-Gln, with Phen red, w/o NaPy) 1000ml
XXXME005-08;"DMEM/F12, with HEPES, NaHC, w/o L-Gln, phenol red; (Bundle)"
XXXME005-09;DMEM/F12, with HEPES, NaHC, phenol red, w/o L-Gln
XXXME006-01;IMDM, with phenol red
XXXME008-04;McCoy's 5A, w/o phenolred
XXXME009-00;EX-CELL® 420 Serum-Free Medium for Insect Cells
XXXME010-03;Nutrient Mixture Ham's F12 Kaighn's, Sigma, N3520-10x 1L
XXXME010-04;Nutrient Mixture Ham's F12, Sigma, N4888-6X500ML
XXXME013-01;Glucose solution, (100 g/L, autoclaved)(PAN-Biotech)
XXXME016-03;IMDM (with Phenol red, low Glucose)
XXXME017-01;Hydrocortisone
XXXME020-02;"MEM Eagle (with EBSS); Sigma# M4655-6X500ML"
XXXME023-00;Puromycin Dihydrochlorid 10 mg
XXXME023-01;Puromycin Dihydrochlorid 50 mg
XXXME026-02;DPBS 100 ml
XXXME027-02;"TrypLE Select 100 ml; #12563029"
XXXME035-01;Trypsin-EDTA (0,25%, 1x conc., 100 ml), Gibco
XXXME035-02;Trypsin-EDTA (0,25%, 1x conc., 20x100 ml), Gibco
XXXME035-03;Trypsin-EDTA (0,25%, 1x conc., 500 ml), Gibco
XXXME039-00;Trypsin inhibitor from Glycine max (soybean)
XXXME039-01;Trypsin Inhibitor Type-IIS
XXXME040-00;Ko143 hydrate, Sigma-Aldrich #K2144-1MG
XXXME040-01;Ko143 hydrate, Sigma-Aldrich #K2144-5MG
XXXME041-00;Zosuquidar hydrochloride, Sigma #SML1044-5MG
XXXME041-01;Zosuquidar hydrochloride, Sigma #SML1044-25MG
XXXME042-00;MK-571 sodium salt hydrate, Sigma #M7571-5MG
XXXME042-01;MK-571 sodium salt hydrate, Sigma #M7571-25MG
XXXME043-00;Blasticidine (25mg)
XXXME044-00;Normocin (50 mg/ml)
XXXME045-02;Hygromycin B 50 mg/ml - 20ml (P06-08020)
XXXME045-03;"Hygromycin B 1 g; Carl Roth #CP13.3"
XXXME045-04;"Hygromycin B 20 mL; DiscoverX #92-0029"
XXXME045-07;"Hygromycin B 5 g; Carl Roth #CP13.4"
XXXME046-00;Etoposide
XXXME047-00;Hypericin from Hypericum perforatum, Sigma #56690-1MG
XXXME048-01;Endopan 3, Basal Medium for Endothelial Cells
XXXME048-02;Endopan 3, Supplement Pack
XXXME049-00;Panserin PX40, Complete Medium for Adherent cells, Serum-fr
XXXME054-02;Fetal Bovine Serum, New Zeeland, HYCLSH30406.02
XXXME057-00;"Trifluorothymidine; Sigma #T2255-100MG"
XXXME060-02;RM-A: Polyurethane film containing 0.1% zinc 0.5mm, 10x15cm
XXXME061-02;RM-B: Polyurethane film containing 0.25% zinc 0.5mm, 10x15cm
XXXME062-02;RM-C: High density polyethylene film 0.5mm, 10x3cm, 5sheets
XXXME064-00;"Lipoprotein Deficient Serum, human, 100 mg; Sigma# LP4"
XXXME069-01;Hydrocortisone, water-soluble, Sigma #H0396-100MG
XXXME070-00;"Panserin 293S, Serum-free medium; #P04-710609"
XXXME072-02;Opti-MEM™ I Reduced Serum Medium 100 mL
XXXME073-00;MPT002 Proximal Tubular Cell Culture Medium
XXXME075-00;"Bovine Serum Albumin; Sigma# 05479-50G"
XXXME076-01;ITS insulin / transferrin / selenite
XXXME076-04;"ITS Insulin-Transferrin-Sodium Selenite Supplement; Sigma"
XXXME080-00;"Trypsin from bovine pancreas; Sigma #T7309-1G"
XXXME083-00;ProxUp Supplements
XXXME084-00;"Mycoplasma-Off™; Minerva 5 x 1 litre refill bottles"
XXXME085-00;"6-Thioguanine; Sigma# A4882-100MG"
XXXME086-00;DMEM/Ham's F-12, ohne L-Glutamin, BioChrom
XXXME088-00;Keratinocyte Culture Medium 500mL (upcyte)
XXXME090-00;"Propyl gallate; Sigma# 02370-100G"
XXXME091-00;"bisBenzimide H 33342 trihydrochloride; Sigma# B2261-25MG"
XXXME092-00;"Tunicamycin from Streptomyces sp.; Sigma #T7765-5MG"
XXXME093-00;Goat Serum
XXXME094-00;"BME vitamin solution 100ml; PAN# P08-40100"
XXXME095-00;Medium 199, high NaHCO3
XXXME096-00;"AssayComplete™ G418 20 mL; DiscoverX #92-0030"
XXXME098-00;"Sebomed® Basalmedium; Biochrom 500ml #F 8205"
XXXME102-01;Hyclone HYCLSH30071.03HI, heat Inactivated
XXXME110;Alpha MEM Eagle w/o Ribonucleosides
XXXML002;A549
XXXML004;HCC1569
XXXML005;XXXHCC70
XXXML008;XXXNCI-H460
XXXML009;PXXXA-1
XXXML010;XXXPanc-1
XXXML011;XXXRKO
XXXML013;XXXSMMC-7721
XXXML016;XXXNCI-H508
XXXML017;XXXSK-MEL-3
XXXML018;XXXXSW1417
XXXML020;XXXMia-Paca-2
XXXML021;XXXNCI-H1650
XXXML022;XXXPC14 (PC9)
XXXML023;XXXSW48-BD-H050
XXXML024;XXXSW48-G13D-H021
XXXML025;XXXDMS273
XXXML026;XXXNCI-H209
XXXML027;XXXNCI-H510
XXXML028;XXXNCI-H524
XXXML029;XXXNCI-H526
XXXML030;XXXNCI-H69
XXXML032;XXXHec-1B
XXXML033;XXXMEL-JUSO
XXXML034;XXXIPC-298
XXXML035;XXXNCI-H929
XXXML036;XXXHEC-50B
XXXML039;XXXWSU-DLCL2
XXXML043;XXXLC1sq
XXXML044;XXXTHP-1
XXXML045;XXXHARA
XXXML046;XXXHBL-1
XXXML047;XXXKARPAS-1106P
XXXML048;XXXLK-2
XXXML049;XXXMM1.S
XXXML051;XXXNCI-H1299
XXXML052;XXXNCI-H1975
XXXML053;XXXRL
XXXML054;XXXOCI LY19
XXXML055;XXXOCI-Ly7
XXXML056;XXXOCI LY10
XXXML057;XXXHT115
XXXML058;XXXSNU-C1
XXXML060;XXXCOLO741
XXXML061;XXXMDST8
XXXML062;XXXDAN-G
XXXML063;XXXHUP-T4
XXXML064;XXXPSN-1
XXXML065;XXXQGP-1
XXXML066;XXXGSU
XXXML068;XXXSNU-5
XXXML070;XXX23132/87
XXXNL000;XXXDry Ice Shipment & Packaging (5kg, D)
XXXNL002;XXXDry Ice Shipment & Packaging (5kg, EU)
XXXNL003;XXXDry Ice Shipment & Packaging (15kg, EU)
XXXOL001;XXX22RV1
XXXRE011-05;XXXHEK293 transfection ready cells
XXXRE202-05;XXXHEK-ARE-Luc reporter ready cells
XXXRE232;XXXKeratinoSens® Assay Ready Cells
XXXRE306;HEK-CaV1.2  patch ready cells
XXXRE308;HEK-hERG patch ready cells
XXXRE500-05;arc
XXXRE504-25;XXXJurkat assay ready cells
XXXRE509-05;XXXTF-1 assay ready cells
XXXRE510-05;XXXHP-1 assay ready cells
XXXRE510-25;XXXTHP-1 assay ready cells
XXXRE511-05;XXXU-937 assay ready cells
XXXRE513-05;XXXL5178Y assay ready cells
XXXRE525-25;XXXU-2 OS assay ready cells
XXXRE561-05;XXXHepG2 assay ready cells
XXXRE561-25;XXXHepG2 assay ready cells
XXXRE565-05;XXXCaco-2 assay ready cells
XXXRE565-25;XXXCaco-2 assay ready cells
XXXRE570-05;XXXHaCaT assay ready cells
XXXRE570-25;XXXHaCaT assay ready cells
XXXRE576-xxxx;XXXHeLa assay ready cells
XXXRE705xxx;XXXRAW 264.7 assay ready cells
XXXRE750-01;XXXVero assay ready cells
XXXRE750-25;XXXVero assay ready cells
XXXRE752-25;XXXMDCK assay ready cells
XXXRE771-25;XXXB16 assay ready cells
XXXRE772-05;XXXL-929 assay ready cells
XXXRE781-05;XXXv79 assay ready cells
XXXRE782-05;XXXCHO-K1 assay ready cells
XXXRE786-25;XXXNIH-3T3 assay ready cells
XXXRX718-01;Resazurin cell viability assay
XXXSF010-01;NIH-3T3 instaCELL cytotoxicity assay - Resazurin
xxxSF020-05;L-929 instaCELL cytotoxicity assay - Resazurin
XXXSF030-05;HepG2 instaCELL cytotoxicity assay - Resazurin
XXXSOL01;Monatsmiete
XXXXKR068-03;Fluo-4 NW Calcium Assay Kit
xxxxx;xxxx
XXXZG03-03;"CellSTACK, Chamber, 5-STACK, PS, S; IND 1/2"
XXXZG03-05;CellSTACK, Chamber 10 STACK, POLSYSTYRENE, STERILE 1/2
XXXZG045-10;Cryovials Nunc  (1,8 ml), Big Pack
XXXZG08-00;ZELLKULTUR MICROPLATTE, 96 WELL, Greiner Bio-One #655946
XXXZG09-00;CELL CULTURE MICROPLATE, 96 WELL PS, Greiner #655940
XXXZG10-00;Transwell 6.5 mm with 0.4 μm pore, 12 Inserts/24-well-Plate
XXXZG12-00;384-well Platte, schwarz, flacher Boden
XXXZG15-00;Nunc™ Edge™ 96-Well, Thermo #167425
ZG00-02;Zellkulturplatte (96-well, clear) - für Cytotox-Kit
ZG01-01;Zellkulturplatte (6-well, clear)
ZG01-02;Zellkulturplatte (12-well, clear)
ZG01-04;Zellkulturplatte (24-well, clear)
ZG01-05;Zellkulturplatte (48-well, clear)
ZG01-06;Zellkulturplatte (96-well, clear)
ZG02-01;Zellkulturplatte (24-well, Suspension)
ZG02-05;Zellkulturplatte (96-well, white)
ZG02-09;Zellkulturplatte (96-well, white, clear bottom)
ZG02-10;Transwell (12 Inserts, 0.4 μm pore / 24-well)
ZG02-11;Transwell polycarbonate membrane insert (24-well)
ZG02-12;Zellkulturplatte (96-well) weiß, transparenter Boden, Fisher
ZG02-13;96-Well CytoOne® Platte, unbehandelt
ZG02-14;Thermo Scientific 96 Well White/Clear Bottom Plate,TC Surfaa
ZG02-15;96-well Flat Clear Bottom White Polystyrene TC-treated
ZG02-16;Lipidure-Coat Low Adhesion Plate A-V96 (conical Plate)
ZG02-17;Zellkulturplatte, 96 Well, Oberfläche: Suspension, konisch
ZG02-18;96-Well CytoOne® Platte, TC-behandelt
ZG026-01;Cell Strainer (100µm, yellow)
ZG03-01;CellSTACK, 2 Layer
ZG03-02;CellSTACK, 5 layer
ZG03-03;CellSTACK, 10 Layer
ZG03-04;Easy Fill Cell Factory, 10 Layer (6)
ZG03-05;CELLDISC, 8 LAGEN, 2000 CM²
ZG03-06;CELLDISC, 12 LAGEN, 3000 CM²
ZG03-07;CELLDISC, 16 LAGEN, 4000 CM²
ZG03-08;Universal CellSTACK™ Verschlusskappen
ZG03-09;CellSTACK, 40 Layer
ZG03-10;CellSTACK, 10 Layer (2 St./Cs)
ZG03-11;CellSTACK CELLBIND, 10 Layer, Bulk of 6 VE
ZG03-12;Easy Fill Cell Factory, 10 Layer (2)
ZG04-01;Zellkulturflaschen (T25)
ZG04-02;Zellkulturflaschen (T75)
ZG04-03;Zellkulturflaschen (T175)
ZG04-04;Suspensionsflaschen (T175)
ZG04-05;CellBIND (T75)
ZG04-06;CellBIND (T175)
ZG04-07;Zellkulturflaschen (T75), ultra low binding
ZG04-08;Suspensionslaschen (T25)
ZG04-09;Suspensionslaschen (T75)
ZG045-01;Cryovials Nunc  (1,8 ml)
ZG045-02;Cryovials (1 ml)
ZG045-03;Cryovials Fisherbrand  (1,8 ml)
ZG045-05;Cryovials Greiner (2ml, barcoded)
ZG045-06;Cryovials Greiner (2 ml)
ZG045-07;Cryovials Greiner (1 ml, barcoded)
ZG045-08;Cryovials Greiner (2 ml), farbige Deckel
ZG045-09;Cryovials Greiner (2ml, barcoded), farbge Deckel
ZG045-11;Cryovials Sarstedt (2,0 ml) CryoPure
ZG049-01;Spin Reaktor (450 ml)
ZG049-02;Spin Reaktor (50 ml)
ZG049-03;DISPOSABLE SPINNER FLASK, 3L, GL45 CAPS, S, IND, 1/4
ZG049-04;DISPOSABLE SPINNER FLASK, 1L, GL45 CAPS, S, IND, 1/6
ZG049-05;SPINNER FLASK, 500ML, DISPOSABLE, PS, S, IND, 1/12
ZG049-06;FLASK SPIN 100MM 2SA 1000ML
ZG049-07;FLASK SPIN 100MM 2SA 3000ML
ZG049-08;FLASK SPIN 100MM 2SA 500ML
ZG05-01;Hyperflask M CellBIND (4)
ZG05-02;Hyperflask M CellBIND (24)
ZG05-03;Hyperflask CellBIND (4)
ZG05-04;Hyperflask CellBIND (24)
ZG05-05;Hyperflask M (4)
ZG05-06;HYPERStack - 12 Layer, untreated
ZG05-07;HYPERStack - 36 Layer, untreated
ZG06-00;Multi Flasks, 5 layer (875 cm2)
ZG08-02;Easy Fill Cell Factory, 4 Layer
ZG08-03;Easy Fill Cell Factory, 2 Layer
ZG11-00;Culture Dish, square (500 cm2)
ZG11-01;Erlenmeyer Flask (500 ml)
ZG11-02;Culture Dish, round (100 cm2)
ZG12-01;384-well Platte, weiß, flat bottom, TC, sterile
ZG12-02;384-well Platte, clear, flat bottom, TC, sterile
ZG12-03;Breathable Sealing Tape, Sterile
ZG13-00;Zellschaber 39cm
ZG14-01;Zellkulturflasche, Cell+ (T25)
ZG14-02;Zellkulturflasche, Cell+ (T75)
ZG14-03;Zellkulturflasche, Cell+ (T175)
ZG14-04;Zellkulturplatte, Cell+ (6-well)
ZG14-05;Zellkulturplatte, Cell+ (12-well)
ZG14-06;Zellkulturplatte, Cell+ (24-well)
ZG14-07;Zellkulturplatte, Cell+ (48-well)
ZG14-08;Zellkulturplatte, Cell+ (96-well)
ZG15-01;Nunc™ EasYFlask™ Zellkulturkolben, 25 cm2
ZG15-02;Nunc™ EasYFlask™ Zellkulturkolben, 75 cm2
ZG15-03;Nunc™ EasYFlask™ Zellkulturkolben, 175 cm2
ZG16-01;ibidi 3-well Chamber